-- MySQL dump 10.13  Distrib 8.0.23, for Win64 (x86_64)
--
-- Host: localhost    Database: vk
-- ------------------------------------------------------
-- Server version	8.0.23

/*!40101 SET @OLD_CHARACTER_SET_CLIENT=@@CHARACTER_SET_CLIENT */;
/*!40101 SET @OLD_CHARACTER_SET_RESULTS=@@CHARACTER_SET_RESULTS */;
/*!40101 SET @OLD_COLLATION_CONNECTION=@@COLLATION_CONNECTION */;
/*!50503 SET NAMES utf8mb4 */;
/*!40103 SET @OLD_TIME_ZONE=@@TIME_ZONE */;
/*!40103 SET TIME_ZONE='+00:00' */;
/*!40014 SET @OLD_UNIQUE_CHECKS=@@UNIQUE_CHECKS, UNIQUE_CHECKS=0 */;
/*!40014 SET @OLD_FOREIGN_KEY_CHECKS=@@FOREIGN_KEY_CHECKS, FOREIGN_KEY_CHECKS=0 */;
/*!40101 SET @OLD_SQL_MODE=@@SQL_MODE, SQL_MODE='NO_AUTO_VALUE_ON_ZERO' */;
/*!40111 SET @OLD_SQL_NOTES=@@SQL_NOTES, SQL_NOTES=0 */;

--
-- Table structure for table `communities`
--

DROP TABLE IF EXISTS `communities`;
/*!40101 SET @saved_cs_client     = @@character_set_client */;
/*!50503 SET character_set_client = utf8mb4 */;
CREATE TABLE `communities` (
  `id` int unsigned NOT NULL AUTO_INCREMENT COMMENT '╨Ш╨┤╨╡╨╜╤В╨╕╤Д╨╕╨║╨░╤В╨╛╤А ╤Б╤А╨╛╨║╨╕',
  `name` varchar(150) CHARACTER SET utf8mb4 COLLATE utf8mb4_unicode_ci NOT NULL COMMENT '╨Э╨░╨╖╨▓╨░╨╜╨╕╨╡ ╨│╤А╤Г╨┐╨┐╤Л',
  `created_at` datetime DEFAULT CURRENT_TIMESTAMP COMMENT '╨Т╤А╨╡╨╝╤П ╤Б╨╛╨╖╨┤╨░╨╜╨╕╤П ╤Б╤В╤А╨╛╨║╨╕',
  `updated_at` datetime DEFAULT CURRENT_TIMESTAMP ON UPDATE CURRENT_TIMESTAMP COMMENT '╨Т╤А╨╡╨╝╤П ╨╛╨▒╨╜╨╛╨▓╨╗╨╡╨╜╨╕╤П ╤Б╤В╤А╨╛╨║╨╕',
  PRIMARY KEY (`id`),
  UNIQUE KEY `name` (`name`)
) ENGINE=InnoDB AUTO_INCREMENT=101 DEFAULT CHARSET=utf8mb4 COLLATE=utf8mb4_unicode_ci COMMENT='╨У╤А╤Г╨┐╨┐╤Л';
/*!40101 SET character_set_client = @saved_cs_client */;

--
-- Dumping data for table `communities`
--

LOCK TABLES `communities` WRITE;
/*!40000 ALTER TABLE `communities` DISABLE KEYS */;
INSERT INTO `communities` VALUES (1,'sit','2016-04-02 07:58:33','2021-04-04 13:18:00'),(2,'tempore','2020-12-15 12:35:59','2021-04-04 13:18:00'),(3,'dolorem','2019-05-23 22:17:36','2021-04-04 13:18:00'),(4,'ut','2019-07-12 08:21:18','2021-04-04 13:18:00'),(5,'iste','2017-07-18 23:04:50','2021-04-04 13:18:00'),(6,'distinctio','2015-09-28 08:39:30','2016-12-02 05:54:27'),(7,'repudiandae','2011-05-20 02:06:55','2019-03-29 18:30:20'),(8,'perspiciatis','2012-12-05 17:44:35','2017-02-04 04:12:47'),(9,'veritatis','2018-08-22 14:02:42','2020-12-30 04:15:57'),(10,'eligendi','2012-01-08 16:13:40','2018-01-24 09:32:56'),(11,'voluptate','2019-06-10 20:25:28','2021-04-04 13:18:00'),(12,'cupiditate','2015-08-21 14:26:05','2017-11-14 18:39:37'),(13,'deleniti','2017-08-10 12:28:35','2021-04-04 13:18:00'),(14,'et','2012-06-23 06:03:10','2014-09-23 15:28:31'),(15,'nobis','2011-12-08 14:22:04','2019-12-22 02:17:42'),(16,'eius','2015-12-13 07:14:40','2021-04-04 13:18:00'),(17,'laboriosam','2011-09-18 20:48:38','2014-11-07 14:59:56'),(18,'dolor','2014-04-02 03:34:19','2021-04-04 13:18:00'),(19,'quia','2016-07-21 14:43:45','2016-11-26 18:34:11'),(20,'sed','2013-05-18 23:56:23','2021-04-04 13:18:00'),(21,'repellat','2018-08-19 21:38:26','2021-04-04 13:18:00'),(22,'vel','2014-03-11 02:47:14','2021-01-29 16:13:01'),(23,'consectetur','2011-04-23 14:26:10','2014-10-02 12:58:23'),(24,'excepturi','2020-01-29 21:58:26','2021-04-04 13:18:00'),(25,'aliquid','2013-01-18 18:35:26','2021-04-04 13:18:00'),(26,'voluptas','2019-12-06 22:00:31','2021-04-04 13:18:00'),(27,'ad','2012-12-19 05:03:13','2016-12-21 19:25:28'),(28,'ab','2013-02-16 09:27:47','2021-04-04 13:18:00'),(29,'eum','2017-01-19 02:32:54','2019-06-26 23:26:42'),(30,'est','2018-01-15 17:47:35','2021-04-04 13:18:00');
/*!40000 ALTER TABLE `communities` ENABLE KEYS */;
UNLOCK TABLES;

--
-- Table structure for table `communities_users`
--

DROP TABLE IF EXISTS `communities_users`;
/*!40101 SET @saved_cs_client     = @@character_set_client */;
/*!50503 SET character_set_client = utf8mb4 */;
CREATE TABLE `communities_users` (
  `community_id` int unsigned NOT NULL COMMENT '╨б╤Б╤Л╨╗╨║╨░ ╨╜╨░ ╨│╤А╤Г╨┐╨┐╤Г',
  `user_id` int unsigned NOT NULL COMMENT '╨б╤Б╤Л╨╗╨║╨░ ╨╜╨░ ╨┐╨╛╨╗╤М╨╖╨╛╨▓╨░╤В╨╡╨╗╤П',
  `created_at` datetime DEFAULT CURRENT_TIMESTAMP COMMENT '╨Т╤А╨╡╨╝╤П ╤Б╨╛╨╖╨┤╨░╨╜╨╕╤П ╤Б╤В╤А╨╛╨║╨╕',
  PRIMARY KEY (`community_id`,`user_id`) COMMENT '╨б╨╛╤Б╤В╨░╨▓╨╜╨╛╨╣ ╨┐╨╡╤А╨▓╨╕╤З╨╜╤Л╨╣ ╨║╨╗╤О╤З'
) ENGINE=InnoDB DEFAULT CHARSET=utf8mb4 COLLATE=utf8mb4_unicode_ci COMMENT='╨г╤З╨░╤Б╤В╨╜╨╕╨║╨╕ ╨│╤А╤Г╨┐╨┐, ╤Б╨▓╤П╨╖╤М ╨╝╨╡╨╢╨┤╤Г ╨┐╨╛╨╗╤М╨╖╨╛╨▓╨░╤В╨╡╨╗╤П╨╝╨╕ ╨╕ ╨│╤А╤Г╨┐╨┐╨░╨╝╨╕';
/*!40101 SET character_set_client = @saved_cs_client */;

--
-- Dumping data for table `communities_users`
--

LOCK TABLES `communities_users` WRITE;
/*!40000 ALTER TABLE `communities_users` DISABLE KEYS */;
INSERT INTO `communities_users` VALUES (1,73,'2012-01-05 21:33:42'),(7,3,'2020-04-18 02:34:14'),(7,88,'2016-01-12 18:05:08'),(10,33,'2018-05-22 22:58:18'),(11,6,'2015-05-10 09:18:15'),(11,65,'2013-04-14 13:59:30'),(11,85,'2017-01-30 02:54:37'),(12,69,'2016-03-05 13:13:15'),(12,79,'2011-07-03 21:18:57'),(13,48,'2012-04-13 10:25:48'),(14,3,'2017-02-17 23:49:29'),(14,60,'2013-06-23 09:35:34'),(14,82,'2011-09-14 14:20:53'),(14,93,'2020-04-09 03:53:21'),(15,77,'2013-04-14 06:10:37'),(16,22,'2011-09-22 03:12:25'),(17,16,'2017-02-21 09:55:01'),(19,7,'2020-06-16 19:48:36'),(19,10,'2020-05-18 13:07:17'),(19,80,'2011-09-08 22:05:45'),(21,27,'2013-05-17 15:25:11'),(21,100,'2016-11-14 01:01:13'),(22,57,'2014-09-25 08:22:59'),(24,35,'2019-02-26 09:08:22'),(24,81,'2011-06-21 11:13:23'),(25,48,'2020-02-04 12:44:08'),(25,63,'2013-10-23 10:23:23'),(26,97,'2016-09-17 02:44:32'),(28,1,'2015-01-04 10:30:09'),(28,96,'2015-12-24 11:16:26'),(29,20,'2015-12-07 16:49:48'),(29,59,'2016-05-30 21:57:36'),(29,99,'2018-05-31 18:34:06'),(30,13,'2014-08-06 05:11:07'),(32,92,'2017-09-01 18:20:20'),(32,99,'2018-06-11 14:13:27'),(33,33,'2020-09-21 13:39:36'),(33,46,'2014-10-23 09:56:31'),(34,34,'2016-12-20 08:53:13'),(34,38,'2019-03-11 12:52:03'),(35,20,'2015-06-10 11:16:03'),(35,37,'2012-10-20 23:47:41'),(35,66,'2017-12-27 13:59:46'),(39,40,'2012-10-27 17:10:14'),(39,77,'2013-06-28 19:08:08'),(39,78,'2012-12-24 21:48:52'),(40,57,'2018-12-30 21:22:16'),(40,77,'2012-09-09 00:32:18'),(41,75,'2019-07-25 20:29:21'),(41,88,'2019-03-19 14:32:19'),(42,49,'2015-05-16 09:13:12'),(42,98,'2012-08-05 19:55:08'),(43,45,'2015-12-03 10:48:27'),(43,81,'2018-07-20 22:33:46'),(46,22,'2013-07-31 09:56:15'),(46,87,'2016-12-25 11:05:10'),(47,86,'2012-01-12 09:21:21'),(50,26,'2021-01-19 02:13:16'),(52,84,'2018-06-15 00:16:56'),(53,54,'2018-03-03 13:43:41'),(55,37,'2016-03-01 01:06:12'),(55,63,'2012-05-27 04:11:59'),(57,16,'2012-06-01 06:21:29'),(59,34,'2020-11-25 01:23:40'),(61,94,'2016-10-16 13:43:50'),(61,98,'2021-02-21 03:15:37'),(61,99,'2011-04-25 05:52:04'),(62,46,'2012-01-23 12:18:37'),(64,96,'2015-05-18 17:50:18'),(65,70,'2017-09-23 00:55:38'),(67,41,'2019-05-10 00:32:56'),(68,97,'2012-06-15 15:35:41'),(69,55,'2020-08-04 01:53:46'),(70,96,'2012-06-18 23:29:46'),(73,79,'2012-08-20 00:03:07'),(74,55,'2018-05-02 18:59:42'),(75,21,'2018-12-18 08:04:49'),(75,56,'2016-09-15 23:42:21'),(77,67,'2012-03-01 18:31:21'),(78,86,'2018-05-06 19:26:43'),(78,90,'2019-01-19 18:32:12'),(79,57,'2014-07-05 01:39:07'),(80,88,'2019-07-07 09:09:37'),(80,99,'2016-10-26 13:07:55'),(83,29,'2015-03-25 15:48:19'),(83,45,'2017-11-13 07:15:58'),(86,96,'2020-10-08 14:07:44'),(89,37,'2011-10-22 12:16:12'),(92,60,'2017-07-23 15:44:47'),(93,53,'2017-04-05 09:15:37'),(94,2,'2015-04-21 19:58:56'),(94,42,'2020-11-09 04:07:08'),(96,100,'2020-12-31 19:33:00'),(97,33,'2013-04-07 02:51:40'),(98,26,'2011-10-27 02:01:40'),(98,77,'2014-12-24 19:12:09'),(99,28,'2019-04-02 04:26:54'),(100,7,'2020-01-04 05:38:44'),(100,26,'2017-08-22 20:54:28'),(100,67,'2017-12-09 07:04:19');
/*!40000 ALTER TABLE `communities_users` ENABLE KEYS */;
UNLOCK TABLES;

--
-- Table structure for table `friendship`
--

DROP TABLE IF EXISTS `friendship`;
/*!40101 SET @saved_cs_client     = @@character_set_client */;
/*!50503 SET character_set_client = utf8mb4 */;
CREATE TABLE `friendship` (
  `user_id` int unsigned NOT NULL COMMENT '╨б╤Б╤Л╨╗╨║╨░ ╨╜╨░ ╨╕╨╜╨╕╤Ж╨╕╨░╤В╨╛╤А╨░ ╨┤╤А╤Г╨╢╨╡╤Б╨║╨╕╤Е ╨╛╤В╨╜╨╛╤И╨╡╨╜╨╕╨╣',
  `friend_id` int unsigned NOT NULL COMMENT '╨б╤Б╤Л╨╗╨║╨░ ╨╜╨░ ╨┐╨╛╨╗╤Г╤З╨░╤В╨╡╨╗╤П ╨┐╤А╨╕╨│╨╗╨░╤И╨╡╨╜╨╕╤П ╨┤╤А╤Г╨╢╨╕╤В╤М',
  `friendship_status_id` int unsigned NOT NULL COMMENT '╨б╤Б╤Л╨╗╨║╨░ ╨╜╨░ ╤Б╤В╨░╤В╤Г╤Б (╤В╨╡╨║╤Г╤Й╨╡╨╡ ╤Б╨╛╤Б╤В╨╛╤П╨╜╨╕╨╡) ╨╛╤В╨╜╨╛╤И╨╡╨╜╨╕╨╣',
  `requested_at` datetime DEFAULT CURRENT_TIMESTAMP COMMENT '╨Т╤А╨╡╨╝╤П ╨╛╤В╨┐╤А╨░╨▓╨╗╨╡╨╜╨╕╤П ╨┐╤А╨╕╨│╨╗╨░╤И╨╡╨╜╨╕╤П ╨┤╤А╤Г╨╢╨╕╤В╤М',
  `confirmed_at` datetime DEFAULT NULL COMMENT '╨Т╤А╨╡╨╝╤П ╨┐╨╛╨┤╤В╨▓╨╡╤А╨╢╨┤╨╡╨╜╨╕╤П ╨┐╤А╨╕╨│╨╗╨░╤И╨╡╨╜╨╕╤П',
  `created_at` datetime DEFAULT CURRENT_TIMESTAMP COMMENT '╨Т╤А╨╡╨╝╤П ╤Б╨╛╨╖╨┤╨░╨╜╨╕╤П ╤Б╤В╤А╨╛╨║╨╕',
  `updated_at` datetime DEFAULT CURRENT_TIMESTAMP ON UPDATE CURRENT_TIMESTAMP COMMENT '╨Т╤А╨╡╨╝╤П ╨╛╨▒╨╜╨╛╨▓╨╗╨╡╨╜╨╕╤П ╤Б╤В╤А╨╛╨║╨╕',
  PRIMARY KEY (`user_id`,`friend_id`) COMMENT '╨б╨╛╤Б╤В╨░╨▓╨╜╨╛╨╣ ╨┐╨╡╤А╨▓╨╕╤З╨╜╤Л╨╣ ╨║╨╗╤О╤З'
) ENGINE=InnoDB DEFAULT CHARSET=utf8mb4 COLLATE=utf8mb4_unicode_ci COMMENT='╨в╨░╨▒╨╗╨╕╤Ж╨░ ╨┤╤А╤Г╨╢╨▒╤Л';
/*!40101 SET character_set_client = @saved_cs_client */;

--
-- Dumping data for table `friendship`
--

LOCK TABLES `friendship` WRITE;
/*!40000 ALTER TABLE `friendship` DISABLE KEYS */;
INSERT INTO `friendship` VALUES (1,87,3,'2019-01-23 08:59:17','2021-04-04 13:06:20','2015-06-11 23:59:32','2021-04-04 13:06:20'),(5,37,2,'2021-04-04 13:06:17','2021-04-04 13:06:20','2021-01-25 05:31:25','2021-04-04 13:06:20'),(7,42,1,'2021-04-04 13:06:17','2021-04-04 13:06:20','2019-12-03 22:56:00','2021-04-04 13:06:20'),(8,24,3,'2021-04-04 13:06:17','2021-04-04 13:06:20','2015-02-02 02:04:58','2021-04-04 13:06:20'),(9,67,3,'2014-01-12 07:34:38','2017-04-25 09:39:51','2011-09-05 05:39:27','2017-12-02 17:17:33'),(9,81,2,'2021-04-04 13:06:17','2021-04-04 13:06:20','2018-08-19 03:00:57','2021-04-04 13:06:20'),(10,52,3,'2021-04-04 13:06:17','2021-04-04 13:06:20','2018-09-10 22:48:56','2021-04-04 13:06:20'),(11,2,3,'2021-04-04 13:06:17','2021-04-04 13:06:20','2018-08-30 18:36:19','2021-04-04 13:06:20'),(11,95,2,'2019-04-21 14:43:46','2020-01-21 05:45:10','2013-04-16 12:06:08','2021-04-04 13:06:23'),(12,43,1,'2021-04-04 13:06:17','2021-04-04 13:06:20','2012-12-11 14:56:24','2021-04-04 13:06:20'),(13,63,3,'2016-05-27 09:05:11','2021-04-04 13:06:20','2011-11-15 00:29:26','2021-04-04 13:06:20'),(14,12,2,'2016-07-14 04:29:15','2017-02-15 09:22:04','2011-10-03 21:24:19','2021-04-04 13:06:23'),(14,55,3,'2018-10-31 03:01:58','2021-04-04 13:06:20','2017-12-09 13:11:08','2021-04-04 13:06:20'),(16,39,1,'2020-07-21 08:24:48','2021-04-04 13:06:20','2019-11-03 16:42:59','2021-04-04 13:06:20'),(17,85,1,'2021-04-04 13:06:17','2021-04-04 13:06:20','2020-07-10 10:38:07','2021-04-04 13:06:20'),(19,12,1,'2021-04-04 13:06:17','2021-04-04 13:06:20','2017-10-28 12:34:11','2021-04-04 13:06:20'),(19,29,3,'2021-04-04 13:06:17','2021-04-04 13:06:20','2015-02-20 14:49:08','2021-04-04 13:06:20'),(19,38,2,'2021-04-04 13:06:17','2021-04-04 13:06:20','2020-02-05 17:36:49','2021-04-04 13:06:20'),(21,67,2,'2021-02-01 21:36:13','2021-04-04 13:06:20','2015-10-19 16:10:54','2021-04-04 13:06:20'),(24,39,3,'2021-04-04 13:06:17','2021-04-04 13:06:20','2019-02-21 15:17:42','2021-04-04 13:06:20'),(25,16,3,'2021-04-04 13:06:17','2021-04-04 13:06:20','2020-06-30 13:54:19','2021-04-04 13:06:20'),(26,14,1,'2020-04-09 07:33:12','2021-04-04 13:06:20','2020-03-17 18:58:31','2021-04-04 13:06:20'),(26,67,1,'2021-04-04 13:06:17','2021-04-04 13:06:20','2016-07-02 08:29:25','2021-04-04 13:06:20'),(27,32,1,'2019-06-22 07:40:21','2021-04-04 13:06:20','2012-06-03 15:58:58','2021-04-04 13:06:20'),(28,33,1,'2019-01-10 19:54:03','2021-04-04 13:06:20','2012-10-04 16:52:07','2021-04-04 13:06:20'),(31,19,2,'2017-07-02 13:04:30','2021-04-04 13:06:20','2014-09-10 17:13:04','2021-04-04 13:06:20'),(31,84,3,'2021-04-04 13:06:17','2021-04-04 13:06:20','2019-08-11 18:59:31','2021-04-04 13:06:20'),(34,94,3,'2017-06-10 23:06:37','2021-04-04 13:06:20','2015-07-07 00:36:52','2021-04-04 13:06:20'),(35,7,2,'2021-04-04 13:06:17','2021-04-04 13:06:20','2016-05-30 08:21:46','2021-04-04 13:06:20'),(35,60,2,'2019-04-09 01:48:42','2021-04-04 13:06:20','2011-12-06 03:03:45','2021-04-04 13:06:20'),(35,93,1,'2021-04-04 13:06:17','2021-04-04 13:06:20','2019-04-12 22:37:50','2021-04-04 13:06:20'),(37,43,2,'2021-04-04 13:06:17','2021-04-04 13:06:20','2021-02-17 18:29:30','2021-04-04 13:06:20'),(38,48,2,'2017-05-05 01:46:42','2019-05-14 15:47:09','2014-04-26 08:52:06','2021-04-04 13:06:23'),(39,1,1,'2021-04-04 13:06:17','2021-04-04 13:06:20','2020-02-20 07:08:47','2021-04-04 13:06:20'),(43,9,3,'2015-12-14 00:35:29','2021-04-04 13:06:20','2013-12-30 04:11:52','2021-04-04 13:06:20'),(43,75,2,'2019-03-25 10:36:07','2021-04-04 13:06:20','2015-05-14 05:28:27','2021-04-04 13:06:20'),(44,18,1,'2020-02-24 09:34:51','2021-04-04 13:06:20','2019-05-17 05:56:04','2021-04-04 13:06:20'),(44,21,2,'2018-12-10 03:49:00','2021-04-04 13:06:20','2016-08-08 12:03:21','2021-04-04 13:06:20'),(45,56,1,'2021-04-04 13:06:17','2021-04-04 13:06:20','2020-03-21 16:02:36','2021-04-04 13:06:20'),(45,78,1,'2021-04-04 13:06:17','2021-04-04 13:06:20','2016-04-24 18:43:45','2021-04-04 13:06:20'),(45,95,1,'2013-07-01 15:55:09','2021-04-04 13:06:20','2012-12-04 03:18:48','2021-04-04 13:06:20'),(46,32,1,'2015-02-22 08:03:22','2021-01-14 07:35:06','2012-11-14 20:53:51','2021-04-04 13:06:23'),(46,79,1,'2016-05-04 22:42:31','2017-06-08 09:19:34','2015-09-27 18:01:24','2021-04-04 13:06:23'),(46,89,3,'2021-04-04 13:06:17','2021-04-04 13:06:20','2017-02-01 06:56:07','2021-04-04 13:06:20'),(47,82,1,'2012-01-27 18:46:49','2020-04-15 03:07:12','2011-10-21 05:16:18','2021-04-04 13:06:23'),(47,86,2,'2015-08-29 00:31:07','2021-04-04 13:06:20','2011-09-12 10:43:41','2021-04-04 13:06:20'),(47,94,1,'2018-11-22 22:41:18','2021-04-04 13:06:20','2012-03-30 02:00:22','2021-04-04 13:06:20'),(48,2,2,'2020-04-20 03:02:47','2021-04-04 13:06:20','2014-03-08 09:41:56','2021-04-04 13:06:20'),(48,94,2,'2015-02-14 13:18:04','2021-04-04 13:06:20','2014-07-14 03:35:24','2021-04-04 13:06:20'),(48,100,1,'2014-03-04 06:20:55','2014-09-09 01:16:58','2013-03-07 03:29:16','2021-04-04 13:06:23'),(53,2,1,'2021-04-04 13:06:17','2021-04-04 13:06:20','2020-12-09 21:09:36','2021-04-04 13:06:20'),(54,48,1,'2017-02-20 04:26:36','2019-03-10 09:30:02','2015-06-06 08:55:36','2020-09-19 10:30:34'),(55,95,2,'2019-05-17 09:47:21','2020-08-29 04:16:13','2011-12-13 08:34:17','2020-09-21 09:53:21'),(57,25,2,'2016-09-12 11:49:28','2021-04-04 13:06:20','2014-02-10 03:23:51','2021-04-04 13:06:20'),(58,4,2,'2019-11-15 16:48:54','2021-01-04 01:55:02','2016-02-13 20:26:07','2021-04-04 13:06:23'),(60,88,3,'2021-04-04 13:06:17','2021-04-04 13:06:20','2016-01-24 09:43:33','2021-04-04 13:06:20'),(60,96,1,'2014-08-27 02:28:31','2017-10-25 21:01:19','2013-06-09 23:31:34','2021-04-04 13:06:23'),(61,75,3,'2017-12-20 17:10:18','2018-06-25 11:02:34','2013-02-18 12:04:18','2021-04-04 13:06:23'),(62,71,2,'2021-04-04 13:06:17','2021-04-04 13:06:20','2016-01-22 20:49:01','2021-04-04 13:06:20'),(63,8,3,'2021-04-04 13:06:17','2021-04-04 13:06:20','2016-12-14 00:18:58','2021-04-04 13:06:20'),(64,40,1,'2021-04-04 13:06:17','2021-04-04 13:06:20','2018-05-04 22:25:19','2021-04-04 13:06:20'),(64,49,3,'2021-04-04 13:06:17','2021-04-04 13:06:20','2015-04-18 03:04:43','2021-04-04 13:06:20'),(65,81,2,'2021-04-04 13:06:17','2021-04-04 13:06:20','2018-05-20 22:45:58','2021-04-04 13:06:20'),(65,93,2,'2021-04-04 13:06:17','2021-04-04 13:06:20','2018-10-11 07:39:08','2021-04-04 13:06:20'),(66,5,3,'2021-04-04 13:06:17','2021-04-04 13:06:20','2018-03-01 19:48:31','2021-04-04 13:06:20'),(66,49,3,'2020-06-14 10:16:10','2021-04-04 13:06:20','2018-10-07 08:48:37','2021-04-04 13:06:20'),(67,85,3,'2021-04-04 13:06:17','2021-04-04 13:06:20','2019-03-16 06:22:06','2021-04-04 13:06:20'),(68,60,1,'2021-04-04 13:06:17','2021-04-04 13:06:20','2019-06-03 08:52:15','2021-04-04 13:06:20'),(69,28,1,'2021-04-04 13:06:17','2021-04-04 13:06:20','2018-04-16 04:55:09','2021-04-04 13:06:20'),(71,2,3,'2019-11-19 09:49:04','2021-04-04 13:06:20','2013-03-12 19:37:58','2021-04-04 13:06:20'),(71,34,2,'2018-10-02 12:52:13','2021-04-04 13:06:20','2013-12-18 00:47:21','2021-04-04 13:06:20'),(72,1,2,'2021-04-04 13:06:17','2021-04-04 13:06:20','2018-12-14 03:06:43','2021-04-04 13:06:20'),(73,25,1,'2018-08-27 18:24:22','2021-04-04 13:06:20','2012-03-31 16:20:41','2021-04-04 13:06:20'),(75,42,2,'2012-06-28 10:02:55','2013-10-05 11:59:20','2011-08-05 20:00:56','2015-10-23 02:04:00'),(75,45,3,'2016-01-24 17:07:11','2019-01-19 02:55:40','2013-09-13 02:49:55','2021-04-04 13:06:23'),(76,73,1,'2015-09-14 01:48:07','2019-11-26 23:50:34','2012-08-08 01:58:11','2021-04-04 13:06:23'),(77,18,1,'2020-02-10 17:41:54','2021-04-04 13:06:20','2013-10-10 02:24:02','2021-04-04 13:06:20'),(77,83,2,'2017-03-26 11:03:16','2019-08-06 20:56:02','2013-12-23 12:19:33','2021-04-04 13:06:23'),(78,18,2,'2018-12-20 17:13:05','2021-04-04 13:06:20','2018-09-23 12:19:48','2021-04-04 13:06:20'),(78,21,1,'2018-12-01 22:17:06','2021-04-04 13:06:20','2014-07-04 16:02:34','2021-04-04 13:06:20'),(78,90,3,'2020-04-30 06:41:55','2021-01-29 10:33:28','2019-10-17 13:26:37','2021-04-04 13:06:23'),(80,88,3,'2018-09-23 11:19:57','2021-04-04 13:06:20','2015-01-27 10:21:59','2021-04-04 13:06:20'),(83,82,1,'2021-04-04 13:06:17','2021-04-04 13:06:20','2017-07-20 04:16:02','2021-04-04 13:06:20'),(83,83,3,'2021-04-04 13:06:17','2021-04-04 13:06:20','2018-08-04 00:24:41','2021-04-04 13:06:20'),(84,84,1,'2021-04-04 13:06:17','2021-04-04 13:06:20','2013-06-04 05:23:53','2021-04-04 13:06:20'),(85,89,1,'2021-04-04 13:06:17','2021-04-04 13:06:20','2018-03-01 15:31:30','2021-04-04 13:06:20'),(86,51,1,'2019-06-22 10:51:51','2021-04-04 13:06:20','2017-02-16 18:11:24','2021-04-04 13:06:20'),(86,55,1,'2018-02-15 02:14:35','2018-12-25 18:01:25','2012-11-14 22:37:39','2021-04-04 13:06:23'),(86,57,3,'2021-04-04 13:06:17','2021-04-04 13:06:20','2017-04-07 13:23:40','2021-04-04 13:06:20'),(87,55,3,'2021-04-04 13:06:17','2021-04-04 13:06:20','2019-04-27 21:35:42','2021-04-04 13:06:20'),(88,66,1,'2020-02-16 03:52:20','2021-04-04 13:06:20','2018-04-23 12:22:02','2021-04-04 13:06:20'),(89,3,3,'2021-04-04 13:06:17','2021-04-04 13:06:20','2018-09-16 05:49:30','2021-04-04 13:06:20'),(89,6,2,'2016-04-11 02:10:28','2020-10-08 18:19:06','2013-04-13 01:05:24','2021-04-04 13:06:23'),(93,21,1,'2019-01-04 08:01:38','2021-04-04 13:06:20','2016-07-20 21:01:03','2021-04-04 13:06:20'),(98,9,2,'2021-04-04 13:06:17','2021-04-04 13:06:20','2020-05-28 13:55:05','2021-04-04 13:06:20'),(98,61,2,'2021-04-04 13:06:17','2021-04-04 13:06:20','2017-05-12 23:19:34','2021-04-04 13:06:20'),(99,46,3,'2018-11-19 10:51:08','2021-04-04 13:06:20','2018-11-07 15:21:48','2021-04-04 13:06:20'),(99,99,2,'2019-04-25 02:55:46','2021-04-04 13:06:20','2013-04-16 15:41:11','2021-04-04 13:06:20'),(100,25,2,'2021-04-04 13:06:17','2021-04-04 13:06:20','2011-10-13 01:46:56','2021-04-04 13:06:20'),(100,82,3,'2013-09-03 07:20:29','2014-02-10 16:04:35','2011-04-16 01:06:24','2016-10-05 23:06:27');
/*!40000 ALTER TABLE `friendship` ENABLE KEYS */;
UNLOCK TABLES;

--
-- Table structure for table `friendship_statuses`
--

DROP TABLE IF EXISTS `friendship_statuses`;
/*!40101 SET @saved_cs_client     = @@character_set_client */;
/*!50503 SET character_set_client = utf8mb4 */;
CREATE TABLE `friendship_statuses` (
  `id` int unsigned NOT NULL AUTO_INCREMENT COMMENT '╨Ш╨┤╨╡╨╜╤В╨╕╤Д╨╕╨║╨░╤В╨╛╤А ╤Б╤В╤А╨╛╨║╨╕',
  `name` varchar(150) CHARACTER SET utf8mb4 COLLATE utf8mb4_unicode_ci NOT NULL COMMENT '╨Э╨░╨╖╨▓╨░╨╜╨╕╨╡ ╤Б╤В╨░╤В╤Г╤Б╨░',
  `created_at` datetime DEFAULT CURRENT_TIMESTAMP COMMENT '╨Т╤А╨╡╨╝╤П ╤Б╨╛╨╖╨┤╨░╨╜╨╕╤П ╤Б╤В╤А╨╛╨║╨╕',
  `updated_at` datetime DEFAULT CURRENT_TIMESTAMP ON UPDATE CURRENT_TIMESTAMP COMMENT '╨Т╤А╨╡╨╝╤П ╨╛╨▒╨╜╨╛╨▓╨╗╨╡╨╜╨╕╤П ╤Б╤В╤А╨╛╨║╨╕',
  PRIMARY KEY (`id`),
  UNIQUE KEY `name` (`name`)
) ENGINE=InnoDB AUTO_INCREMENT=4 DEFAULT CHARSET=utf8mb4 COLLATE=utf8mb4_unicode_ci COMMENT='╨б╤В╨░╤В╤Г╤Б╤Л ╨┤╤А╤Г╨╢╨▒╤Л';
/*!40101 SET character_set_client = @saved_cs_client */;

--
-- Dumping data for table `friendship_statuses`
--

LOCK TABLES `friendship_statuses` WRITE;
/*!40000 ALTER TABLE `friendship_statuses` DISABLE KEYS */;
INSERT INTO `friendship_statuses` VALUES (1,' unfamiliar','2017-07-13 18:17:02','2019-01-08 12:09:52'),(2,'friends','2021-02-23 12:02:42','2021-04-04 13:00:19'),(3,'not friends anymore','2020-03-10 20:10:39','2020-04-20 03:41:12');
/*!40000 ALTER TABLE `friendship_statuses` ENABLE KEYS */;
UNLOCK TABLES;

--
-- Table structure for table `media`
--

DROP TABLE IF EXISTS `media`;
/*!40101 SET @saved_cs_client     = @@character_set_client */;
/*!50503 SET character_set_client = utf8mb4 */;
CREATE TABLE `media` (
  `id` int unsigned NOT NULL AUTO_INCREMENT COMMENT '╨Ш╨┤╨╡╨╜╤В╨╕╤Д╨╕╨║╨░╤В╨╛╤А ╤Б╤В╤А╨╛╨║╨╕',
  `user_id` int unsigned NOT NULL COMMENT '╨б╤Б╤Л╨╗╨║╨░ ╨╜╨░ ╨┐╨╛╨╗╤М╨╖╨╛╨▓╨░╤В╨╡╨╗╤П, ╨║╨╛╤В╨╛╤А╤Л╨╣ ╨╖╨░╨│╤А╤Г╨╖╨╕╨╗ ╤Д╨░╨╣╨╗',
  `filename` varchar(255) CHARACTER SET utf8mb4 COLLATE utf8mb4_unicode_ci NOT NULL COMMENT '╨Я╤Г╤В╤М ╨║ ╤Д╨░╨╣╨╗╤Г',
  `size` int NOT NULL COMMENT '╨а╨░╨╖╨╝╨╡╤А ╤Д╨░╨╣╨╗╨░',
  `metadata` longtext CHARACTER SET utf8mb4 COLLATE utf8mb4_bin COMMENT '╨Ь╨╡╤В╨░╨┤╨░╨╜╨╜╤Л╨╡ ╤Д╨░╨╣╨╗╨░',
  `media_type_id` int unsigned NOT NULL COMMENT '╨б╤Б╤Л╨╗╨║╨░ ╨╜╨░ ╤В╨╕╨┐ ╨║╨╛╨╜╤В╨╡╨╜╤В╨░',
  `created_at` datetime DEFAULT CURRENT_TIMESTAMP COMMENT '╨Т╤А╨╡╨╝╤П ╤Б╨╛╨╖╨┤╨░╨╜╨╕╤П ╤Б╤В╤А╨╛╨║╨╕',
  `updated_at` datetime DEFAULT CURRENT_TIMESTAMP ON UPDATE CURRENT_TIMESTAMP COMMENT '╨Т╤А╨╡╨╝╤П ╨╛╨▒╨╜╨╛╨▓╨╗╨╡╨╜╨╕╤П ╤Б╤В╤А╨╛╨║╨╕',
  PRIMARY KEY (`id`),
  CONSTRAINT `media_chk_1` CHECK (json_valid(`metadata`))
) ENGINE=InnoDB AUTO_INCREMENT=101 DEFAULT CHARSET=utf8mb4 COLLATE=utf8mb4_unicode_ci COMMENT='╨Ь╨╡╨┤╨╕╨░╤Д╨░╨╣╨╗╤Л';
/*!40101 SET character_set_client = @saved_cs_client */;

--
-- Dumping data for table `media`
--

LOCK TABLES `media` WRITE;
/*!40000 ALTER TABLE `media` DISABLE KEYS */;
INSERT INTO `media` VALUES (1,52,'http://dropbox.net/vk/nisi.avi',34695,'{\"owner\":\"Terrell Cremin\"}',4,'2012-05-13 00:33:57','2021-04-04 13:40:22'),(2,34,'http://dropbox.net/vk/et.avi',86084,'{\"owner\":\"Gage Haag\"}',4,'2019-09-05 12:35:07','2021-04-04 13:40:22'),(3,88,'http://dropbox.net/vk/magni.jpeg',48564,'{\"owner\":\"Hilda Dickens\"}',2,'2015-03-23 03:28:19','2021-04-04 13:40:22'),(4,3,'http://dropbox.net/vk/ut.png',797991,'{\"owner\":\"Daren Gleason\"}',3,'2013-10-29 18:33:56','2021-04-04 13:40:22'),(5,91,'http://dropbox.net/vk/cumque.mp3',3948,'{\"owner\":\"Franz Lakin\"}',4,'2011-11-03 01:05:25','2021-04-04 13:40:22'),(6,1,'http://dropbox.net/vk/eius.jpeg',316335,'{\"owner\":\"Jesus Legros\"}',3,'2014-07-10 19:45:21','2021-04-04 13:40:22'),(7,24,'http://dropbox.net/vk/cupiditate.avi',313425,'{\"owner\":\"Allison Simonis\"}',2,'2012-10-24 22:46:46','2021-04-04 13:40:22'),(8,32,'http://dropbox.net/vk/ratione.txt',608120,'{\"owner\":\"Jany Padberg\"}',4,'2016-08-20 06:34:59','2021-04-04 13:40:22'),(9,57,'http://dropbox.net/vk/impedit.avi',92512,'{\"owner\":\"Shannon Swift\"}',3,'2012-08-13 17:01:24','2021-04-04 13:40:22'),(10,19,'http://dropbox.net/vk/maxime.txt',8821541,'{\"owner\":\"Joshua Runolfsson\"}',1,'2015-02-26 05:54:37','2021-04-04 13:40:22'),(11,20,'http://dropbox.net/vk/quam.jpeg',2282686,'{\"owner\":\"Wilfred Luettgen\"}',4,'2020-01-24 05:03:28','2021-04-04 13:40:22'),(12,30,'http://dropbox.net/vk/voluptas.mp3',4485,'{\"owner\":\"Ari Vandervort\"}',1,'2017-02-15 17:56:57','2021-04-04 13:40:22'),(13,26,'http://dropbox.net/vk/ut.avi',159905,'{\"owner\":\"Josianne Sipes\"}',4,'2012-01-30 15:11:01','2021-04-04 13:40:22'),(14,64,'http://dropbox.net/vk/sed.jpeg',90324,'{\"owner\":\"Kade Schuster\"}',3,'2011-07-09 18:56:10','2021-04-04 13:40:22'),(15,21,'http://dropbox.net/vk/et.avi',7161,'{\"owner\":\"Brendon Hagenes\"}',4,'2019-11-09 15:32:35','2021-04-04 13:40:22'),(16,92,'http://dropbox.net/vk/velit.png',9467707,'{\"owner\":\"Sasha Ebert\"}',2,'2018-12-30 12:25:16','2021-04-04 13:40:22'),(17,2,'http://dropbox.net/vk/sit.txt',783334280,'{\"owner\":\"Amalia Bayer\"}',3,'2012-06-25 05:36:26','2021-04-04 13:40:22'),(18,87,'http://dropbox.net/vk/sunt.txt',7961213,'{\"owner\":\"Heber Ritchie\"}',1,'2017-09-23 02:50:40','2021-04-04 13:40:22'),(19,88,'http://dropbox.net/vk/veniam.mp3',7007,'{\"owner\":\"Hilda Dickens\"}',4,'2014-02-12 00:58:18','2021-04-04 13:40:22'),(20,43,'http://dropbox.net/vk/sint.txt',9970,'{\"owner\":\"Hassan Jenkins\"}',3,'2020-08-13 21:07:06','2021-04-04 13:40:22'),(21,11,'http://dropbox.net/vk/placeat.txt',248143,'{\"owner\":\"Roxane Barrows\"}',4,'2019-09-16 12:13:29','2021-04-04 13:40:22'),(22,22,'http://dropbox.net/vk/maiores.avi',49983,'{\"owner\":\"Rashawn Koch\"}',3,'2011-10-13 00:00:09','2021-04-04 13:40:22'),(23,22,'http://dropbox.net/vk/quasi.avi',617260,'{\"owner\":\"Rashawn Koch\"}',4,'2018-02-21 05:27:51','2021-04-04 13:40:22'),(24,39,'http://dropbox.net/vk/atque.png',3078,'{\"owner\":\"Ambrose Bosco\"}',2,'2017-02-18 20:27:46','2021-04-04 13:40:22'),(25,36,'http://dropbox.net/vk/vel.jpeg',51859,'{\"owner\":\"Tessie Upton\"}',1,'2018-09-15 18:59:55','2021-04-04 13:40:22'),(26,10,'http://dropbox.net/vk/quis.avi',5386,'{\"owner\":\"Kamryn Denesik\"}',3,'2020-06-06 16:51:05','2021-04-04 13:40:22'),(27,2,'http://dropbox.net/vk/ipsum.mp3',66324,'{\"owner\":\"Amalia Bayer\"}',4,'2014-11-16 06:08:10','2021-04-04 13:40:22'),(28,44,'http://dropbox.net/vk/repudiandae.txt',805331,'{\"owner\":\"Abbey Turcotte\"}',4,'2019-05-12 09:40:58','2021-04-04 13:40:22'),(29,7,'http://dropbox.net/vk/sed.jpeg',164874,'{\"owner\":\"Deron Friesen\"}',4,'2014-08-13 16:43:01','2021-04-04 13:40:22'),(30,8,'http://dropbox.net/vk/odit.png',28895276,'{\"owner\":\"Richard Abernathy\"}',3,'2017-07-12 11:10:08','2021-04-04 13:40:22'),(31,14,'http://dropbox.net/vk/doloribus.png',12114890,'{\"owner\":\"Dustin Pfannerstill\"}',3,'2012-06-07 17:14:28','2021-04-04 13:40:22'),(32,100,'http://dropbox.net/vk/dignissimos.avi',17233,'{\"owner\":\"Garry Sporer\"}',3,'2020-11-03 21:31:42','2021-04-04 13:40:22'),(33,26,'http://dropbox.net/vk/officiis.mp3',207320,'{\"owner\":\"Josianne Sipes\"}',2,'2019-10-05 07:17:33','2021-04-04 13:40:22'),(34,5,'http://dropbox.net/vk/impedit.jpeg',199620441,'{\"owner\":\"Alyce Nolan\"}',3,'2013-06-27 15:14:56','2021-04-04 13:40:22'),(35,75,'http://dropbox.net/vk/modi.avi',503280,'{\"owner\":\"Martin Feil\"}',4,'2017-04-15 22:08:28','2021-04-04 13:40:22'),(36,91,'http://dropbox.net/vk/quidem.mp3',8661649,'{\"owner\":\"Franz Lakin\"}',1,'2016-06-24 13:44:23','2021-04-04 13:40:22'),(37,90,'http://dropbox.net/vk/facere.avi',31965,'{\"owner\":\"Jakayla Hoppe\"}',4,'2011-06-18 03:00:43','2021-04-04 13:40:22'),(38,19,'http://dropbox.net/vk/et.mp3',1545100,'{\"owner\":\"Joshua Runolfsson\"}',1,'2011-09-08 07:46:14','2021-04-04 13:40:22'),(39,66,'http://dropbox.net/vk/optio.txt',99669283,'{\"owner\":\"Breanne Ruecker\"}',4,'2013-04-04 08:04:58','2021-04-04 13:40:22'),(40,88,'http://dropbox.net/vk/non.jpeg',3203931,'{\"owner\":\"Hilda Dickens\"}',4,'2011-06-17 19:44:18','2021-04-04 13:40:22'),(41,15,'http://dropbox.net/vk/mollitia.txt',110640,'{\"owner\":\"Adaline Beier\"}',4,'2011-05-13 22:15:40','2021-04-04 13:40:22'),(42,57,'http://dropbox.net/vk/eum.jpeg',538867018,'{\"owner\":\"Shannon Swift\"}',2,'2016-10-12 14:06:45','2021-04-04 13:40:22'),(43,36,'http://dropbox.net/vk/omnis.avi',398377,'{\"owner\":\"Tessie Upton\"}',1,'2018-01-05 02:46:44','2021-04-04 13:40:22'),(44,44,'http://dropbox.net/vk/error.txt',2035036,'{\"owner\":\"Abbey Turcotte\"}',2,'2016-03-09 05:33:34','2021-04-04 13:40:22'),(45,8,'http://dropbox.net/vk/aliquid.txt',487266,'{\"owner\":\"Richard Abernathy\"}',3,'2017-10-17 01:03:42','2021-04-04 13:40:22'),(46,71,'http://dropbox.net/vk/facilis.avi',231197,'{\"owner\":\"Aida Buckridge\"}',4,'2014-05-19 21:51:58','2021-04-04 13:40:22'),(47,51,'http://dropbox.net/vk/aut.png',684189,'{\"owner\":\"Vernice Quigley\"}',1,'2014-06-04 02:57:51','2021-04-04 13:40:22'),(48,36,'http://dropbox.net/vk/dignissimos.jpeg',717356,'{\"owner\":\"Tessie Upton\"}',3,'2014-10-30 23:31:02','2021-04-04 13:40:22'),(49,56,'http://dropbox.net/vk/maiores.avi',524210,'{\"owner\":\"Reagan Beahan\"}',3,'2015-08-30 05:32:50','2021-04-04 13:40:22'),(50,89,'http://dropbox.net/vk/vero.png',17797656,'{\"owner\":\"Elta Wisozk\"}',1,'2019-10-08 01:37:17','2021-04-04 13:40:22'),(51,86,'http://dropbox.net/vk/nobis.jpeg',31531,'{\"owner\":\"Ellis Orn\"}',1,'2014-03-28 14:43:23','2021-04-04 13:40:22'),(52,16,'http://dropbox.net/vk/quasi.mp3',458985,'{\"owner\":\"Itzel Von\"}',1,'2017-12-28 19:35:36','2021-04-04 13:40:22'),(53,92,'http://dropbox.net/vk/voluptatem.avi',712296,'{\"owner\":\"Sasha Ebert\"}',1,'2018-10-17 03:05:43','2021-04-04 13:40:22'),(54,85,'http://dropbox.net/vk/rerum.mp3',41397295,'{\"owner\":\"Adah Robel\"}',3,'2011-12-30 17:22:34','2021-04-04 13:40:22'),(55,92,'http://dropbox.net/vk/fugit.mp3',577607,'{\"owner\":\"Sasha Ebert\"}',3,'2014-08-31 21:04:44','2021-04-04 13:40:22'),(56,59,'http://dropbox.net/vk/rerum.jpeg',174525,'{\"owner\":\"Bradley Nitzsche\"}',4,'2015-08-04 22:22:55','2021-04-04 13:40:22'),(57,70,'http://dropbox.net/vk/culpa.mp3',91810,'{\"owner\":\"Jesse Lesch\"}',1,'2020-07-11 02:39:29','2021-04-04 13:40:22'),(58,22,'http://dropbox.net/vk/est.avi',7429053,'{\"owner\":\"Rashawn Koch\"}',2,'2019-08-26 21:04:17','2021-04-04 13:40:22'),(59,15,'http://dropbox.net/vk/eum.txt',9279,'{\"owner\":\"Adaline Beier\"}',3,'2015-10-07 12:00:32','2021-04-04 13:40:22'),(60,49,'http://dropbox.net/vk/qui.jpeg',725737,'{\"owner\":\"Virgie Kreiger\"}',3,'2016-06-27 20:46:03','2021-04-04 13:40:22'),(61,16,'http://dropbox.net/vk/distinctio.avi',594051046,'{\"owner\":\"Itzel Von\"}',4,'2017-01-12 22:35:30','2021-04-04 13:40:22'),(62,43,'http://dropbox.net/vk/magni.txt',95112,'{\"owner\":\"Hassan Jenkins\"}',4,'2014-01-03 18:42:07','2021-04-04 13:40:22'),(63,89,'http://dropbox.net/vk/debitis.txt',941206367,'{\"owner\":\"Elta Wisozk\"}',2,'2019-08-05 00:59:47','2021-04-04 13:40:22'),(64,42,'http://dropbox.net/vk/veritatis.mp3',288349,'{\"owner\":\"Roslyn Buckridge\"}',3,'2020-06-01 07:26:38','2021-04-04 13:40:22'),(65,18,'http://dropbox.net/vk/et.jpeg',1730226,'{\"owner\":\"Emelia Sipes\"}',1,'2013-01-17 09:05:34','2021-04-04 13:40:22'),(66,75,'http://dropbox.net/vk/et.png',23993855,'{\"owner\":\"Martin Feil\"}',2,'2017-03-07 03:49:46','2021-04-04 13:40:22'),(67,9,'http://dropbox.net/vk/dolores.mp3',452126206,'{\"owner\":\"Jermain Jakubowski\"}',4,'2017-09-20 20:07:41','2021-04-04 13:40:22'),(68,78,'http://dropbox.net/vk/esse.jpeg',58517044,'{\"owner\":\"Ila Schiller\"}',4,'2014-03-04 15:57:58','2021-04-04 13:40:22'),(69,25,'http://dropbox.net/vk/voluptas.txt',603989650,'{\"owner\":\"Joan Turner\"}',2,'2020-11-17 23:41:42','2021-04-04 13:40:22'),(70,58,'http://dropbox.net/vk/nam.jpeg',146409,'{\"owner\":\"Shemar Cruickshank\"}',3,'2020-05-20 21:49:35','2021-04-04 13:40:22'),(71,35,'http://dropbox.net/vk/non.png',696496,'{\"owner\":\"Rory Buckridge\"}',3,'2017-04-19 12:26:16','2021-04-04 13:40:22'),(72,22,'http://dropbox.net/vk/perferendis.mp3',997581,'{\"owner\":\"Rashawn Koch\"}',2,'2011-09-24 15:32:51','2021-04-04 13:40:22'),(73,31,'http://dropbox.net/vk/delectus.jpeg',857000,'{\"owner\":\"Amy Willms\"}',1,'2011-04-30 00:41:56','2021-04-04 13:40:22'),(74,10,'http://dropbox.net/vk/et.mp3',60294857,'{\"owner\":\"Kamryn Denesik\"}',1,'2019-06-03 03:57:45','2021-04-04 13:40:22'),(75,8,'http://dropbox.net/vk/dolores.txt',279530,'{\"owner\":\"Richard Abernathy\"}',4,'2018-01-04 05:09:10','2021-04-04 13:40:22'),(76,68,'http://dropbox.net/vk/laborum.mp3',835771,'{\"owner\":\"Sonia Stiedemann\"}',2,'2017-01-01 07:38:09','2021-04-04 13:40:22'),(77,77,'http://dropbox.net/vk/delectus.png',90590033,'{\"owner\":\"Diego Kihn\"}',4,'2020-04-24 16:33:12','2021-04-04 13:40:22'),(78,89,'http://dropbox.net/vk/quibusdam.png',597859,'{\"owner\":\"Elta Wisozk\"}',3,'2020-06-29 23:34:03','2021-04-04 13:40:22'),(79,89,'http://dropbox.net/vk/omnis.txt',68165830,'{\"owner\":\"Elta Wisozk\"}',4,'2015-10-13 15:48:36','2021-04-04 13:40:22'),(80,9,'http://dropbox.net/vk/impedit.mp3',471979,'{\"owner\":\"Jermain Jakubowski\"}',4,'2012-06-08 09:53:28','2021-04-04 13:40:22'),(81,60,'http://dropbox.net/vk/pariatur.mp3',556319,'{\"owner\":\"Kyler Monahan\"}',2,'2020-12-22 06:06:25','2021-04-04 13:40:22'),(82,8,'http://dropbox.net/vk/enim.avi',65036173,'{\"owner\":\"Richard Abernathy\"}',4,'2015-06-03 16:39:40','2021-04-04 13:40:22'),(83,74,'http://dropbox.net/vk/dolor.avi',6583,'{\"owner\":\"Kim McDermott\"}',2,'2013-06-20 02:00:50','2021-04-04 13:40:22'),(84,70,'http://dropbox.net/vk/consequatur.avi',355660,'{\"owner\":\"Jesse Lesch\"}',3,'2015-11-21 17:11:31','2021-04-04 13:40:22'),(85,48,'http://dropbox.net/vk/sit.txt',135272,'{\"owner\":\"Merlin Beier\"}',4,'2016-09-26 02:38:48','2021-04-04 13:40:22'),(86,15,'http://dropbox.net/vk/eos.jpeg',99343,'{\"owner\":\"Adaline Beier\"}',3,'2020-09-21 00:29:51','2021-04-04 13:40:22'),(87,43,'http://dropbox.net/vk/sapiente.png',6648,'{\"owner\":\"Hassan Jenkins\"}',1,'2019-09-10 11:24:46','2021-04-04 13:40:22'),(88,87,'http://dropbox.net/vk/nulla.txt',924439,'{\"owner\":\"Heber Ritchie\"}',3,'2016-10-22 18:22:38','2021-04-04 13:40:22'),(89,80,'http://dropbox.net/vk/nostrum.txt',373549696,'{\"owner\":\"Christian Treutel\"}',4,'2018-11-27 06:22:55','2021-04-04 13:40:22'),(90,19,'http://dropbox.net/vk/voluptas.avi',9524462,'{\"owner\":\"Joshua Runolfsson\"}',2,'2014-09-16 06:45:35','2021-04-04 13:40:22'),(91,55,'http://dropbox.net/vk/ut.png',59984,'{\"owner\":\"Ralph Cronin\"}',4,'2012-06-24 13:36:44','2021-04-04 13:40:22'),(92,10,'http://dropbox.net/vk/quas.avi',517682,'{\"owner\":\"Kamryn Denesik\"}',4,'2017-03-09 20:00:59','2021-04-04 13:40:22'),(93,97,'http://dropbox.net/vk/nobis.jpeg',419733,'{\"owner\":\"Hadley Mante\"}',2,'2020-10-24 18:05:45','2021-04-04 13:40:22'),(94,95,'http://dropbox.net/vk/qui.avi',182223,'{\"owner\":\"Lenny Cruickshank\"}',2,'2020-11-11 01:33:57','2021-04-04 13:40:22'),(95,29,'http://dropbox.net/vk/iste.png',32059,'{\"owner\":\"Devan Rohan\"}',4,'2019-07-16 17:27:50','2021-04-04 13:40:22'),(96,91,'http://dropbox.net/vk/est.avi',790640,'{\"owner\":\"Franz Lakin\"}',3,'2015-04-24 20:47:29','2021-04-04 13:40:22'),(97,87,'http://dropbox.net/vk/soluta.mp3',88635,'{\"owner\":\"Heber Ritchie\"}',3,'2013-01-31 22:05:59','2021-04-04 13:40:22'),(98,58,'http://dropbox.net/vk/eveniet.mp3',70038,'{\"owner\":\"Shemar Cruickshank\"}',3,'2017-02-15 11:40:51','2021-04-04 13:40:22'),(99,84,'http://dropbox.net/vk/sit.png',7263,'{\"owner\":\"Laura Auer\"}',2,'2017-06-23 15:58:39','2021-04-04 13:40:22'),(100,59,'http://dropbox.net/vk/qui.mp3',6801,'{\"owner\":\"Bradley Nitzsche\"}',1,'2011-04-18 00:27:04','2021-04-04 13:40:22');
/*!40000 ALTER TABLE `media` ENABLE KEYS */;
UNLOCK TABLES;

--
-- Table structure for table `media_types`
--

DROP TABLE IF EXISTS `media_types`;
/*!40101 SET @saved_cs_client     = @@character_set_client */;
/*!50503 SET character_set_client = utf8mb4 */;
CREATE TABLE `media_types` (
  `id` int unsigned NOT NULL AUTO_INCREMENT COMMENT '╨Ш╨┤╨╡╨╜╤В╨╕╤Д╨╕╨║╨░╤В╨╛╤А ╤Б╤В╤А╨╛╨║╨╕',
  `name` varchar(255) CHARACTER SET utf8mb4 COLLATE utf8mb4_unicode_ci NOT NULL COMMENT '╨Э╨░╨╖╨▓╨░╨╜╨╕╨╡ ╤В╨╕╨┐╨░',
  `created_at` datetime DEFAULT CURRENT_TIMESTAMP COMMENT '╨Т╤А╨╡╨╝╤П ╤Б╨╛╨╖╨┤╨░╨╜╨╕╤П ╤Б╤В╤А╨╛╨║╨╕',
  `updated_at` datetime DEFAULT CURRENT_TIMESTAMP ON UPDATE CURRENT_TIMESTAMP COMMENT '╨Т╤А╨╡╨╝╤П ╨╛╨▒╨╜╨╛╨▓╨╗╨╡╨╜╨╕╤П ╤Б╤В╤А╨╛╨║╨╕',
  PRIMARY KEY (`id`),
  UNIQUE KEY `name` (`name`)
) ENGINE=InnoDB AUTO_INCREMENT=5 DEFAULT CHARSET=utf8mb4 COLLATE=utf8mb4_unicode_ci COMMENT='╨в╨╕╨┐╤Л ╨╝╨╡╨┤╨╕╨░╤Д╨░╨╣╨╗╨╛╨▓';
/*!40101 SET character_set_client = @saved_cs_client */;

--
-- Dumping data for table `media_types`
--

LOCK TABLES `media_types` WRITE;
/*!40000 ALTER TABLE `media_types` DISABLE KEYS */;
INSERT INTO `media_types` VALUES (1,'image','2021-04-04 13:28:32','2021-04-04 13:28:32'),(2,'video','2021-04-04 13:28:32','2021-04-04 13:28:32'),(3,'audio','2021-04-04 13:28:32','2021-04-04 13:28:32'),(4,'text','2021-04-04 13:28:32','2021-04-04 13:28:32');
/*!40000 ALTER TABLE `media_types` ENABLE KEYS */;
UNLOCK TABLES;

--
-- Table structure for table `messages`
--

DROP TABLE IF EXISTS `messages`;
/*!40101 SET @saved_cs_client     = @@character_set_client */;
/*!50503 SET character_set_client = utf8mb4 */;
CREATE TABLE `messages` (
  `id` int unsigned NOT NULL AUTO_INCREMENT COMMENT '╨Ш╨┤╨╡╨╜╤В╨╕╤Д╨╕╨║╨░╤В╨╛╤А ╤Б╤В╤А╨╛╨║╨╕',
  `from_user_id` int unsigned NOT NULL COMMENT '╨б╤Б╤Л╨╗╨║╨░ ╨╜╨░ ╨╛╤В╨┐╤А╨░╨▓╨╕╤В╨╡╨╗╤П ╤Б╨╛╨╛╨▒╤Й╨╡╨╜╨╕╤П',
  `to_user_id` int unsigned NOT NULL COMMENT '╨б╤Б╤Л╨╗╨║╨░ ╨╜╨░ ╨┐╨╛╨╗╤Г╤З╨░╤В╨╡╨╗╤П ╤Б╨╛╨╛╨▒╤Й╨╡╨╜╨╕╤П',
  `body` text CHARACTER SET utf8mb4 COLLATE utf8mb4_unicode_ci NOT NULL COMMENT '╨в╨╡╨║╤Б╤В ╤Б╨╛╨╛╨▒╤Й╨╡╨╜╨╕╤П',
  `is_important` tinyint(1) DEFAULT NULL COMMENT '╨Я╤А╨╕╨╖╨╜╨░╨║ ╨▓╨░╨╢╨╜╨╛╤Б╤В╨╕',
  `is_delivered` tinyint(1) DEFAULT NULL COMMENT '╨Я╤А╨╕╨╖╨╜╨░╨║ ╨┤╨╛╤Б╤В╨░╨▓╨║╨╕',
  `created_at` datetime DEFAULT CURRENT_TIMESTAMP COMMENT '╨Т╤А╨╡╨╝╤П ╤Б╨╛╨╖╨┤╨░╨╜╨╕╤П ╤Б╤В╤А╨╛╨║╨╕',
  PRIMARY KEY (`id`)
) ENGINE=InnoDB AUTO_INCREMENT=101 DEFAULT CHARSET=utf8mb4 COLLATE=utf8mb4_unicode_ci COMMENT='╨б╨╛╨╛╨▒╤Й╨╡╨╜╨╕╤П';
/*!40101 SET character_set_client = @saved_cs_client */;

--
-- Dumping data for table `messages`
--

LOCK TABLES `messages` WRITE;
/*!40000 ALTER TABLE `messages` DISABLE KEYS */;
INSERT INTO `messages` VALUES (1,32,41,'Sunt natus nihil ut modi in omnis corrupti. Beatae et dolorem perferendis distinctio nihil voluptas adipisci eum. Quod repellendus occaecati enim deserunt quaerat deserunt. Porro in in architecto id eaque.',0,1,'2016-06-25 11:57:14'),(2,77,67,'Corporis rerum et non ullam. Id dolor veritatis inventore impedit. Soluta molestias ea tempora itaque molestiae cupiditate.',0,1,'2016-07-13 09:03:39'),(3,68,27,'Consectetur occaecati quo ut facere nisi alias. Atque est ducimus non sint aut qui culpa. Nihil eveniet quae doloremque molestias deserunt. Qui omnis dolor quasi voluptatem aperiam qui voluptatum.',0,1,'2016-10-01 01:29:57'),(4,8,12,'Non assumenda dicta hic. Porro error laudantium mollitia. Exercitationem sint suscipit et. Consequuntur voluptate officia corporis.',0,1,'2012-04-05 16:30:50'),(5,92,28,'Eum qui eum aperiam error sit laboriosam. Qui ut facilis sint dolor amet id aut. Excepturi minima consectetur facere aut perferendis omnis. Maxime iusto quaerat qui libero dolor id aperiam.',0,1,'2011-09-20 07:50:05'),(6,100,21,'Laborum saepe aspernatur perferendis. Eum vel quia id cupiditate voluptate esse et. Neque inventore eos in nihil sint iure. Laboriosam et et voluptatem pariatur debitis qui non.',0,1,'2014-09-03 07:21:13'),(7,3,20,'Nobis assumenda velit consequatur non possimus odio. Quos quod quia ex adipisci. Id temporibus tenetur non est optio quo quos. Facilis quia voluptatem id dolores saepe.',0,1,'2015-06-11 19:11:44'),(8,17,7,'Ut tenetur nihil dolorem ut. Nisi repellat fuga ea eum voluptatem saepe recusandae. Animi sit iure eum qui nobis quisquam.',0,1,'2014-10-11 09:13:27'),(9,60,6,'Explicabo eligendi sed doloremque non et exercitationem aut quis. At voluptate deserunt earum nam et. Inventore quisquam voluptatum sapiente facilis dolorem quo ullam.',1,1,'2020-02-21 20:05:22'),(10,83,97,'Magni maxime minus aliquam eligendi tempora. Amet ut quos error sunt qui id qui aut. Iusto ipsam porro aliquam a iure. Accusantium labore aliquid excepturi quae quae earum quia molestiae.',0,1,'2012-08-10 21:24:18'),(11,69,13,'Similique explicabo odit adipisci vero placeat sit qui quae. Eum magnam eveniet dolores similique est qui consequatur dolores. Aspernatur magni et id repellat incidunt voluptatem expedita consequatur. Atque nihil ipsum assumenda.',0,1,'2016-02-14 07:30:36'),(12,92,21,'Odio vel corporis cupiditate et doloribus laudantium. Doloribus veniam aperiam veritatis perferendis. Occaecati quidem beatae magnam id. Perspiciatis dolores laudantium fugit voluptate iusto quo. Odit sit voluptates omnis amet corporis.',0,1,'2014-04-07 03:51:58'),(13,8,97,'Sunt quia non eos tenetur. Minus adipisci sed omnis autem autem. Tempora dolor pariatur id perspiciatis eligendi rerum facere. Est sit dolore enim ut voluptatibus.',0,0,'2019-06-07 10:14:56'),(14,57,99,'Aut molestiae et minima. Autem consequatur porro veniam tempora voluptatum. Vel qui qui aut ut consequatur. Quam ea rerum est ad voluptatibus minima rerum. Et vel suscipit totam mollitia ipsum.',0,1,'2014-10-29 23:09:21'),(15,67,87,'Corporis dolores ea atque veritatis eum in. Ipsa quaerat voluptas corporis fugit. Et dolorum et quis tenetur ut praesentium quas. Alias quidem quis nihil aut consectetur.',0,1,'2015-12-05 06:35:20'),(16,83,99,'Sint rerum quis et ut ab quod nostrum. Veritatis corporis ea voluptas exercitationem possimus dolor.',0,1,'2014-02-27 00:48:23'),(17,27,60,'Non consequatur officiis expedita occaecati rerum natus molestiae. Aliquam est aut dolor. Ipsa labore vel nobis culpa ad delectus. Voluptatem incidunt aspernatur velit pariatur.',0,1,'2016-04-11 03:30:04'),(18,65,94,'Expedita nesciunt facere ad molestiae qui non molestias. Rerum et aut sit soluta. Placeat iusto rerum quod nulla omnis aut numquam.',1,1,'2013-04-02 19:39:02'),(19,86,72,'In ex ab et neque in. Porro dignissimos vero voluptas aut est voluptates. Odit accusantium harum nemo nobis quaerat modi. Aliquam voluptas officiis magnam omnis rem.',0,1,'2015-03-25 09:39:27'),(20,5,77,'Amet beatae voluptas deleniti voluptatem dicta. Commodi ipsa laboriosam ut consequuntur nihil blanditiis deserunt. Qui non saepe magni velit. Officia cumque consequatur ratione suscipit.',1,1,'2013-04-20 15:23:22'),(21,100,5,'Modi alias qui ipsum eos natus iusto perspiciatis. Ut incidunt ullam qui et quisquam architecto. Ut quo beatae deleniti non tempore. Sunt cumque neque saepe molestiae cum dolorem.',0,1,'2018-10-15 17:24:28'),(22,98,2,'Est ut cupiditate fugit est voluptas. Nulla et et nihil facere vitae quod et. Voluptatem id veritatis delectus repellendus sapiente iure qui.',0,1,'2013-08-26 16:54:30'),(23,24,14,'Architecto amet sunt voluptas optio repudiandae animi. Expedita aut est consequatur architecto ut voluptatem quibusdam cupiditate. Quo recusandae sit omnis aut. Omnis impedit optio aut in perspiciatis id est.',0,1,'2020-03-28 23:42:17'),(24,8,83,'Laudantium enim quis nostrum et labore explicabo dolores. Neque corrupti quis omnis facilis illum iure itaque. Eum ipsum qui vel odit magnam placeat dignissimos harum. Alias voluptatem incidunt qui quia.',0,1,'2019-11-15 21:23:32'),(25,20,91,'Dolore est dolores natus labore sit amet. Eveniet quo consequatur dolor eveniet consequuntur. Libero laudantium ut architecto. Voluptatem repellendus beatae est enim.',1,1,'2019-08-04 07:11:11'),(26,80,88,'Vel ratione pariatur ipsum voluptatibus consectetur. Quia itaque tempore fugiat. Quo voluptatem repellendus et ab voluptatem veritatis.',0,1,'2012-02-04 12:31:44'),(27,3,71,'Error eveniet tenetur velit nemo minima nobis cumque. Explicabo et est cumque exercitationem soluta et non. Fuga laudantium dolore cum molestias numquam.',1,1,'2014-01-10 00:07:23'),(28,8,10,'Officiis ipsa officiis architecto laborum esse neque. Ea perspiciatis voluptatibus quis voluptatibus enim. Aliquam omnis eum id eum. Corporis occaecati eos amet consequatur reprehenderit qui voluptate ad.',0,1,'2019-11-15 00:08:13'),(29,68,64,'Ipsa voluptas corporis repellat cupiditate cupiditate consequatur nam. Vitae dolorum autem sed illo aut qui fugit fuga. Voluptate voluptas veniam asperiores cupiditate. Nostrum ut est enim sed delectus.',0,1,'2013-10-31 20:36:13'),(30,9,34,'Maxime maiores dolore eum inventore earum sapiente blanditiis. Quia consectetur occaecati sunt ipsam sint. Animi dicta rerum quos sit eligendi assumenda omnis enim. Blanditiis ipsum deserunt quod autem non cupiditate.',0,1,'2021-03-24 13:55:12'),(31,51,91,'Maiores iure et incidunt repellat. Fugit at ut quia maiores sint sequi. Reiciendis eligendi sed non rerum ex consequatur. Aliquam enim tempore quo molestias consequatur qui ab. A quia fugit illo placeat.',0,1,'2018-01-18 06:40:36'),(32,33,78,'Et est nihil fugit magnam modi iusto et inventore. Omnis nihil reiciendis voluptas autem. Modi dolore rerum ipsa perferendis neque suscipit. Rerum vel earum qui ratione animi.',0,1,'2020-11-25 09:33:49'),(33,50,97,'Ut iure velit ullam reiciendis doloribus a molestiae. Et molestiae nobis rem assumenda maxime. Consequatur mollitia soluta blanditiis nihil libero commodi odio. Magni debitis voluptas nostrum aperiam voluptas voluptatem sint praesentium.',0,1,'2019-06-24 21:15:14'),(34,72,35,'Vitae consequuntur labore quod facilis. Sint ea velit temporibus debitis. Dolores quo eius suscipit iste blanditiis laudantium occaecati.',0,1,'2014-09-05 04:17:09'),(35,68,77,'Ratione ut dicta possimus sunt. Illum autem quibusdam error blanditiis officiis voluptates ipsum. Aut numquam id odit qui corrupti accusamus. Doloribus ullam consequuntur sint voluptate. Eum tempore magnam omnis aut expedita officiis qui asperiores.',0,1,'2014-06-13 04:07:37'),(36,11,68,'Non eaque dolore et quis. Eos aut error sint totam ipsa natus et. Voluptas alias consequatur temporibus.',1,1,'2013-12-22 19:30:04'),(37,81,8,'Ut ut voluptatem ab alias impedit quo. Ut architecto quos distinctio quasi fugiat maxime modi. Dignissimos quisquam facere enim facere. Odio quod tempora assumenda omnis at.',0,1,'2013-03-29 17:26:21'),(38,69,4,'Id voluptate nihil ullam nihil velit. Eum minus est inventore sed. Inventore praesentium excepturi blanditiis repudiandae similique. Eos perferendis dignissimos voluptate quia amet nesciunt quos.',0,1,'2018-11-06 13:03:30'),(39,22,77,'Et quibusdam atque maxime et. In inventore harum quam fugiat et iste. Optio sit ipsum qui rem consequatur exercitationem facere dolores. Fugiat perferendis aut quo assumenda consequatur assumenda culpa.',0,1,'2016-05-29 05:24:31'),(40,86,41,'Impedit est et pariatur aut. Culpa quia animi explicabo voluptas et sapiente. Aperiam saepe illo minus pariatur distinctio velit incidunt repellendus. Eius ea nihil voluptatem dolores magnam et nemo aperiam.',0,1,'2012-08-24 08:04:42'),(41,67,65,'Nulla odio fuga et eveniet quae soluta et. Iste consequatur debitis molestias ex minus cumque sunt. Ut aspernatur cupiditate voluptas sequi ipsam. Repellat fuga quod voluptas ratione. Harum rerum expedita blanditiis quam aliquid.',0,0,'2019-11-04 10:24:42'),(42,28,70,'Alias quo quod quisquam beatae. Deleniti delectus perspiciatis perferendis soluta. Vel deserunt eum rerum animi quia. Eum enim et excepturi facilis velit sed expedita libero.',1,1,'2021-03-16 15:37:44'),(43,36,36,'Expedita ipsa occaecati consectetur in ducimus. Delectus necessitatibus nihil accusamus qui quaerat praesentium. Minima sint aut officiis explicabo quo voluptatem. Fugit omnis aliquam a assumenda commodi esse facere.',1,1,'2020-04-06 10:52:32'),(44,79,3,'Dignissimos adipisci voluptatum laudantium sint perferendis quo minima. Quis fugit numquam nisi amet. Et deleniti reprehenderit doloremque reiciendis non ut. Ipsam accusamus laudantium ab consectetur.',0,1,'2012-08-09 17:29:12'),(45,100,87,'Quo dolor qui illo delectus minima quasi. Eos vero delectus voluptas debitis omnis omnis.',0,1,'2020-12-20 09:56:17'),(46,37,51,'Nobis et ad reiciendis in libero. Iusto ab aspernatur perspiciatis cupiditate natus. Corrupti a voluptatibus aliquid harum. Delectus harum et sit ut ratione qui incidunt.',0,1,'2011-10-21 13:12:35'),(47,77,70,'Perferendis doloremque explicabo eaque aut quia omnis. Nihil magni aut cum aut minima omnis facere cumque. Repudiandae rem sed suscipit et voluptatem vel eius consequatur.',0,1,'2018-04-30 00:31:31'),(48,28,27,'Et debitis et omnis adipisci. Qui fuga consequatur repudiandae. Tempore eveniet et delectus excepturi. Sed aut nisi possimus occaecati deleniti repellendus.',1,1,'2021-01-31 16:06:57'),(49,66,99,'Quaerat nam quia ut asperiores. Eum accusantium est repellendus quia adipisci. Placeat aut sed a sed alias impedit iusto. Est atque culpa illo.',0,1,'2021-01-07 18:33:19'),(50,61,34,'Voluptas est voluptatem iusto quia autem tempore suscipit. Sit aliquid et deleniti laborum error est ut. Autem fugiat a quia. Assumenda qui eius quia. Qui deserunt magni voluptas id autem necessitatibus.',0,1,'2015-07-30 02:51:48'),(51,75,72,'Dicta sunt voluptas debitis delectus eos quisquam enim. Magnam hic voluptates sint aliquid non voluptas molestiae. Nulla ad ducimus at modi.',1,1,'2012-04-23 23:11:38'),(52,1,55,'Earum et nihil nam repudiandae quia voluptatem. Id maxime minima optio vitae commodi quia. Ut itaque laboriosam quibusdam necessitatibus esse quo.',0,1,'2016-05-15 22:13:45'),(53,80,70,'Rem dolores voluptatem omnis praesentium eum quidem. Aliquid labore labore distinctio labore. Excepturi eos perferendis vero explicabo quod modi sint. Quas impedit eum ut quos perferendis.',0,1,'2017-09-19 14:30:25'),(54,58,1,'Voluptatem impedit corrupti est vel fugiat expedita. Incidunt non quia voluptatem sunt quidem. Sint laboriosam sapiente deleniti quod. Occaecati voluptatem fugit veritatis reprehenderit et minima dicta.',0,1,'2014-03-12 10:05:41'),(55,47,44,'Dolore aliquid et atque ab placeat voluptate voluptatum. Aut autem delectus perferendis ut. Rem placeat qui odio ut eos distinctio. Laudantium voluptatum atque ut et.',0,1,'2013-11-06 02:00:35'),(56,42,13,'Ea eos quia voluptas modi id eos veniam. Eius doloremque placeat voluptatum natus. Recusandae nihil aut repellat maiores ut. Corporis ipsa blanditiis harum explicabo ut.',1,1,'2017-05-24 16:19:49'),(57,9,70,'Libero maiores dolores quo et adipisci aspernatur. Enim et voluptatem dolor doloribus. Molestiae ea asperiores qui in aliquam accusamus laboriosam. Fuga non tempora voluptas molestias iste.',0,1,'2015-11-05 14:13:50'),(58,82,44,'Culpa autem eum quos voluptatum quasi. Sit facilis tempore aut consequatur. Corrupti rerum ea sit laborum quo aliquam quas labore.',0,1,'2013-06-05 16:14:05'),(59,5,61,'Voluptatem ea quo inventore qui eveniet hic aut. Voluptates inventore adipisci voluptatum nisi incidunt totam. Beatae illum aperiam eveniet eveniet sunt rerum.',0,1,'2021-03-06 22:48:45'),(60,47,5,'Voluptatem qui quaerat ut ipsa quam non. Dolor cum quas accusamus fugit fugiat aut minus perferendis. Quasi qui assumenda veniam ut velit.',0,0,'2018-04-27 06:44:52'),(61,48,84,'Eligendi aut voluptatibus aspernatur aspernatur doloribus ea. Dolores reiciendis qui eius consequatur.',0,1,'2016-01-28 04:19:43'),(62,55,25,'Maiores amet occaecati neque voluptatem voluptate id. Magni itaque et sed sapiente occaecati omnis sint inventore. Molestias dolores est id architecto quia suscipit sequi ex.',0,1,'2013-08-25 03:46:00'),(63,53,83,'Sit omnis omnis consequatur totam vitae id ut reiciendis. Sed esse laboriosam sequi similique consequatur quas.',0,1,'2015-10-07 23:37:53'),(64,51,19,'Et dolorum quae iure quisquam et quis. Delectus recusandae ut error consectetur eos voluptatum. Nam qui possimus corrupti odio et hic hic illum. Est fugit eveniet adipisci dolore qui est debitis omnis.',0,1,'2019-12-13 23:42:27'),(65,81,11,'Ab repellat quis itaque ea dicta. Est aut nobis sit odio eaque delectus culpa. Libero dolores quisquam ut incidunt quis tempore.',0,0,'2013-06-09 01:05:57'),(66,52,56,'Enim ut voluptatum in veniam quia qui. Quis illo laboriosam eaque exercitationem. Quia repudiandae perspiciatis odit earum repellat similique consequatur illo. Soluta voluptate provident quibusdam magni.',0,1,'2017-11-03 21:38:12'),(67,82,53,'Ut ipsam quo et quaerat. Officia minima a porro enim ipsum et aperiam. Molestias beatae corporis quia error id.',0,1,'2015-08-31 03:19:33'),(68,10,61,'Qui minima possimus nemo ea aut. Velit et autem dolor nihil dolorem aut veniam. A vitae id eligendi autem quia velit beatae.',1,1,'2014-10-27 11:25:26'),(69,22,68,'Quidem odit et rerum quas veritatis est iusto sequi. Quis adipisci dolor est suscipit at. Expedita sunt est sit architecto sapiente et.',0,1,'2015-05-15 23:08:05'),(70,62,68,'Sunt voluptatem eligendi iste minus quo. Rerum quos perferendis non iure debitis dolorum quia. Et voluptatum qui sit dolor qui accusamus repellat fugiat. Laboriosam et temporibus deleniti consequatur voluptatibus non.',0,1,'2012-03-29 03:44:48'),(71,11,3,'Aut sapiente aut nostrum iusto. Ut veritatis et qui rerum quaerat aliquid impedit. Quo dolores eos sapiente accusamus. Quam mollitia dolorem eos impedit qui doloribus aut.',0,1,'2016-05-24 22:41:36'),(72,81,19,'Dolorem dolores numquam deleniti rerum tempore. Ad quod officia dolorum saepe enim ipsam et. Praesentium ipsa qui dolorum velit voluptatem. Ratione quas suscipit voluptatem ut reprehenderit architecto sint.',0,1,'2012-05-25 07:56:13'),(73,72,63,'Eum voluptas dicta et accusamus. Sed esse nihil soluta eum sed impedit animi. Omnis aut sequi error ut et quam.',0,1,'2020-10-22 01:30:31'),(74,63,77,'Nam harum et provident. Non vel id accusamus nesciunt. Aut facere iusto quos ea. Veritatis nemo ut consequatur iure vel reprehenderit.',0,1,'2016-04-09 08:51:42'),(75,23,10,'Est numquam placeat perferendis rerum recusandae. Aut quas quod quos repudiandae adipisci rerum facere.',1,1,'2018-08-21 16:12:17'),(76,82,70,'Necessitatibus et repellendus dolor et. Laboriosam ut maiores molestiae corrupti. Temporibus consectetur ad eius.',1,1,'2016-10-08 14:09:59'),(77,94,36,'Neque quia id consequuntur rerum. Sed numquam consequatur perspiciatis nesciunt. Dolore sit voluptatem est accusamus. Iure quia quos cupiditate officiis.',0,1,'2019-07-11 08:15:21'),(78,94,47,'Alias molestiae quos nisi sit eos et. Veniam distinctio et autem et. Vel velit eligendi expedita iure ipsa dolore. Molestias et esse ipsam alias.',0,1,'2015-12-08 02:33:21'),(79,18,45,'Corrupti doloremque voluptas rerum in qui ea porro sed. Odit et ea aut minus ut. Sit qui ut inventore id dolores error. Amet enim unde recusandae beatae sed et repellendus id.',0,1,'2018-03-30 11:32:56'),(80,65,99,'Velit et ea ut impedit dolore minima itaque. Eveniet ipsa labore ullam repudiandae autem incidunt. Natus voluptatem aliquam culpa nisi.',0,1,'2012-10-01 14:58:13'),(81,56,17,'Ipsam voluptas enim dolorum similique repudiandae. Facilis saepe laborum quos ipsa quos. Dolorum sapiente consectetur quos ab maiores ut tempore adipisci. Alias quidem nesciunt in voluptatem occaecati delectus ullam.',0,1,'2016-10-27 06:12:34'),(82,54,37,'Explicabo similique rerum voluptate deserunt. Minus laboriosam tempore praesentium ut earum explicabo. Aut minima voluptas doloribus velit amet nisi.',0,0,'2019-02-01 02:10:42'),(83,69,64,'Sit explicabo reprehenderit itaque et. Exercitationem voluptatum ullam possimus. Sed ullam cum harum.',0,1,'2015-01-01 19:30:19'),(84,98,91,'Repudiandae ipsa ipsum placeat aut. Commodi impedit dolores laudantium. Quos libero nobis aliquid aut accusamus praesentium. Rerum aut laborum nemo natus quis.',0,1,'2013-06-02 17:00:04'),(85,31,60,'Dolor temporibus assumenda natus molestiae veniam. Exercitationem laboriosam harum facere ratione ullam. Iure et dolor error. Itaque illo et quas. Quidem debitis sit vel natus natus nihil.',0,1,'2017-11-28 17:05:22'),(86,58,42,'Amet molestiae repudiandae cupiditate error necessitatibus debitis et. Molestiae consectetur ea minima saepe sunt. Ipsa et et eum quo omnis labore et consequuntur. Earum doloremque ut et.',1,1,'2015-04-08 00:00:49'),(87,63,39,'Dignissimos ipsam reiciendis libero voluptas voluptates. Repudiandae amet exercitationem aut exercitationem veritatis. Debitis consequatur optio voluptates molestias voluptatem eum.',0,1,'2018-10-22 21:55:33'),(88,61,34,'Quo reprehenderit id pariatur sapiente non expedita quia. Nemo tempora vitae odit quibusdam. Soluta quisquam tempore sit iste.',0,0,'2017-12-08 19:17:32'),(89,1,23,'Rerum facere et distinctio dolores. Ut mollitia tempore nesciunt consectetur quo molestias. Impedit numquam quaerat omnis aut. Eveniet soluta inventore rerum ea et. Quisquam ut exercitationem architecto voluptate rerum exercitationem quia.',0,1,'2014-10-30 15:15:33'),(90,11,24,'Iste et aspernatur libero molestias. Ipsum minus inventore recusandae omnis ad sunt. Vero sed minus magnam sunt nisi ducimus aut.',0,1,'2012-07-08 04:15:09'),(91,33,92,'Corporis et delectus rem rerum. Eum dolorem rerum sint dolor veniam magnam. Itaque laboriosam quia non fugit. Dignissimos ut maxime qui molestiae. Nisi error saepe voluptas consequatur.',0,1,'2019-01-11 19:48:45'),(92,94,26,'Voluptas quia aut error aut est blanditiis quo. Nostrum blanditiis hic voluptatem aliquam unde provident. Ea placeat perferendis qui incidunt qui saepe. Veritatis quas eos quae nostrum optio occaecati autem doloremque. Nam velit asperiores rerum ut.',0,1,'2020-10-20 08:37:00'),(93,28,88,'Nihil laboriosam ut sint commodi. Quas quae commodi commodi voluptatum. Expedita neque harum sit sequi. Voluptatem perferendis recusandae ipsam porro dicta ut.',0,1,'2016-06-19 11:10:19'),(94,73,45,'Iste totam explicabo corporis. Voluptas molestias aut voluptas maxime voluptates odio. Repellat aut ratione quia et et. Consequatur et magnam aut autem.',0,1,'2012-06-22 10:17:18'),(95,32,37,'Quis sit sed recusandae animi sit aliquid odit. Neque occaecati quisquam et suscipit culpa nihil. Minus illo nihil distinctio et et. Mollitia natus alias perspiciatis aut.',1,1,'2016-10-29 10:43:07'),(96,44,87,'Maxime quia officia et. Quis modi fuga voluptatem. Eaque laudantium maxime dicta et voluptatum quam.',0,1,'2016-09-26 11:16:07'),(97,54,97,'Inventore quia et autem omnis. Explicabo commodi amet provident in vel minus. Sed rem consequatur et corrupti. Magnam ab ipsam quos vero odit dolores quae.',0,1,'2015-03-26 08:20:16'),(98,24,22,'Iste perspiciatis et delectus ut autem quae nobis. Id beatae numquam ea explicabo sapiente sit voluptatum. Qui quos nesciunt quam optio sunt.',0,1,'2020-07-17 14:11:31'),(99,60,22,'Adipisci reiciendis qui impedit enim. Voluptatem officia aut quidem aspernatur. Dolores molestiae eos harum. Nisi repellendus quisquam ut et.',0,1,'2014-04-26 03:22:24'),(100,12,91,'Illo aut sint veritatis possimus. Deleniti corrupti velit quos magni ipsa repellendus animi. Vel numquam quia earum ut id. Enim exercitationem iure vel.',0,1,'2020-12-22 16:02:03');
/*!40000 ALTER TABLE `messages` ENABLE KEYS */;
UNLOCK TABLES;

--
-- Table structure for table `profiles`
--

DROP TABLE IF EXISTS `profiles`;
/*!40101 SET @saved_cs_client     = @@character_set_client */;
/*!50503 SET character_set_client = utf8mb4 */;
CREATE TABLE `profiles` (
  `user_id` int unsigned NOT NULL COMMENT '╨б╤Б╤Л╨╗╨║╨░ ╨╜╨░ ╨┐╨╛╨╗╤М╨╖╨╛╨▓╨░╤В╨╡╨╗╤П',
  `gender` char(1) CHARACTER SET utf8mb4 COLLATE utf8mb4_unicode_ci NOT NULL COMMENT '╨Я╨╛╨╗',
  `birthday` date DEFAULT NULL COMMENT '╨Ф╨░╤В╨░ ╤А╨╛╨╢╨┤╨╡╨╜╨╕╤П',
  `city` varchar(130) CHARACTER SET utf8mb4 COLLATE utf8mb4_unicode_ci DEFAULT NULL COMMENT '╨У╨╛╤А╨╛╨┤ ╨┐╤А╨╛╨╢╨╕╨▓╨░╨╜╨╕╤П',
  `country` varchar(130) CHARACTER SET utf8mb4 COLLATE utf8mb4_unicode_ci DEFAULT NULL COMMENT '╨б╤В╤А╨░╨╜╨░ ╨┐╤А╨╛╨╢╨╕╨▓╨░╨╜╨╕╤П',
  `last_login` datetime DEFAULT NULL COMMENT '╨Я╨╛╤Б╨╗╨╡╨┤╨╜╨╕╨╣ ╨▓╤Е╨╛╨┤ ╨▓ ╤Б╨╕╤Б╤В╨╡╨╝╤Г',
  `created_at` datetime DEFAULT CURRENT_TIMESTAMP COMMENT '╨Т╤А╨╡╨╝╤П ╤Б╨╛╨╖╨┤╨░╨╜╨╕╤П ╤Б╤В╤А╨╛╨║╨╕',
  `updated_at` datetime DEFAULT CURRENT_TIMESTAMP ON UPDATE CURRENT_TIMESTAMP COMMENT '╨Т╤А╨╡╨╝╤П ╨╛╨▒╨╜╨╛╨▓╨╗╨╡╨╜╨╕╤П ╤Б╤В╤А╨╛╨║╨╕',
  PRIMARY KEY (`user_id`)
) ENGINE=InnoDB DEFAULT CHARSET=utf8mb4 COLLATE=utf8mb4_unicode_ci COMMENT='╨Я╤А╨╛╤Д╨╕╨╗╨╕';
/*!40101 SET character_set_client = @saved_cs_client */;

--
-- Dumping data for table `profiles`
--

LOCK TABLES `profiles` WRITE;
/*!40000 ALTER TABLE `profiles` DISABLE KEYS */;
INSERT INTO `profiles` VALUES (1,'m','1998-05-08','Port May','Martinique','2021-04-04 12:49:35','2020-08-14 00:01:21','2021-04-04 12:49:35'),(2,'f','1970-03-27','Stiedemannton','Zambia','2021-04-04 12:49:35','2020-01-15 19:22:28','2021-04-04 12:49:35'),(3,'f','2002-07-03','Lake Berrymouth','Bulgaria','2020-10-24 08:03:40','2012-03-25 15:02:26','2021-04-04 12:50:44'),(4,'m','2019-08-18','Bertchester','Albania','2021-04-04 12:49:35','2011-11-02 16:18:40','2021-04-04 12:49:35'),(5,'m','1981-10-30','Aureliochester','Central African Republic','2014-07-26 20:24:19','2013-02-08 13:52:52','2021-04-04 12:49:03'),(6,'f','2014-05-06','Greenholtberg','Finland','2021-04-04 12:49:35','2020-07-17 04:58:09','2021-04-04 12:49:35'),(7,'m','1971-06-24','New Bennieburgh','Finland','2021-04-04 12:49:35','2021-03-13 03:12:52','2021-04-04 12:49:35'),(8,'f','1999-01-24','Kiannaton','Saint Helena','2019-01-26 08:45:02','2015-06-25 15:46:40','2020-04-28 20:07:17'),(9,'m','1987-09-06','Volkmanside','Sweden','2021-02-09 17:01:10','2021-01-16 23:02:19','2021-04-04 12:49:03'),(10,'f','1973-01-30','New Sonnyfurt','Martinique','2018-12-14 06:06:41','2016-05-04 20:57:29','2021-04-04 12:49:03'),(11,'f','1985-03-18','North Claudie','Moldova','2021-04-04 12:49:35','2020-01-18 14:46:16','2021-04-04 12:49:35'),(12,'f','2001-08-06','New Johaven','Sierra Leone','2021-04-04 12:49:35','2015-01-20 07:08:31','2021-04-04 12:49:35'),(13,'f','2001-04-12','Port Reinholdport','Oman','2021-04-04 12:49:35','2019-08-19 19:41:12','2021-04-04 12:49:35'),(14,'f','2007-12-31','New Reyna','Ecuador','2011-12-05 00:39:58','2011-11-18 00:03:29','2017-02-10 10:33:07'),(15,'f','1980-07-30','Evabury','France','2021-04-04 12:49:35','2019-03-15 09:57:45','2021-04-04 12:49:35'),(16,'f','1995-08-27','Lake Eloisa','Pakistan','2018-12-17 23:27:20','2016-09-07 18:13:40','2021-04-04 12:50:44'),(17,'m','1986-07-23','Michaelfort','Iceland','2016-09-11 05:05:38','2012-10-01 22:41:49','2021-04-04 12:50:44'),(18,'f','1980-06-17','East Lourdes','Nepal','2021-04-04 12:49:35','2017-09-04 22:25:21','2021-04-04 12:49:35'),(19,'f','1989-07-16','South Jarrod','Belize','2021-04-04 12:49:35','2019-04-09 18:03:42','2021-04-04 12:49:35'),(20,'m','1975-04-10','Blickville','Afghanistan','2021-04-04 12:49:35','2018-11-07 10:38:59','2021-04-04 12:49:35'),(21,'m','2015-10-07','Gusikowskihaven','Namibia','2018-10-16 05:01:33','2015-07-31 01:33:09','2021-04-04 12:49:03'),(22,'f','1993-08-30','Burnicefort','Niger','2019-09-20 14:33:19','2019-07-15 17:58:35','2021-04-04 12:49:03'),(23,'f','1985-09-24','New Mavisview','Central African Republic','2021-04-04 12:49:35','2018-12-02 08:54:44','2021-04-04 12:49:35'),(24,'f','2020-04-03','New Brad','Bulgaria','2021-04-04 12:49:35','2018-05-11 13:41:15','2021-04-04 12:49:35'),(25,'f','2018-10-12','West Jewellmouth','Sweden','2021-04-04 12:49:35','2013-08-22 03:23:44','2021-04-04 12:49:35'),(26,'m','1991-07-04','Willborough','Ecuador','2019-08-11 01:33:23','2011-04-02 07:44:31','2021-04-04 12:50:44'),(27,'m','2020-10-08','New Natashahaven','Ukraine','2021-04-04 12:49:35','2017-11-06 02:48:26','2021-04-04 12:49:35'),(28,'m','1978-11-07','Konopelskiview','Faroe Islands','2020-05-05 16:46:28','2013-07-13 16:34:57','2021-04-04 12:49:03'),(29,'f','2005-03-22','Scottyside','United States Virgin Islands','2021-04-04 12:49:35','2021-03-28 14:20:13','2021-04-04 12:49:35'),(30,'f','2002-06-18','Armstrongburgh','Armenia','2021-03-21 10:13:06','2011-07-22 09:41:43','2021-04-04 12:50:44'),(31,'f','2005-09-28','South Lilianamouth','Gambia','2015-12-14 18:30:18','2011-12-16 18:40:48','2020-09-18 22:14:11'),(32,'m','1988-07-31','Effertztown','Philippines','2021-04-04 12:49:35','2017-11-06 07:55:47','2021-04-04 12:49:35'),(33,'m','1986-07-14','Bechtelarton','Switzerland','2021-04-04 12:49:35','2017-01-22 20:54:46','2021-04-04 12:49:35'),(34,'m','1978-04-08','West Elmore','Montenegro','2021-04-04 12:49:35','2019-04-04 09:03:08','2021-04-04 12:49:35'),(35,'f','1985-07-15','East Carminestad','Korea','2021-04-04 12:49:35','2018-06-27 15:56:04','2021-04-04 12:49:35'),(36,'m','1998-03-17','Maddisonmouth','Bolivia','2021-04-04 12:49:35','2011-07-06 22:59:02','2021-04-04 12:49:35'),(37,'m','2007-01-05','Quitzonbury','Jersey','2020-06-19 19:26:52','2013-10-14 12:05:09','2021-04-04 12:49:03'),(38,'f','2004-07-10','South Delpha','United States of America','2021-04-04 12:49:35','2020-02-05 16:49:39','2021-04-04 12:49:35'),(39,'m','1977-03-12','New Keara','Saint Vincent and the Grenadines','2011-12-26 21:05:04','2011-04-01 00:35:13','2019-04-15 03:53:30'),(40,'m','1994-06-05','West Jerad','Madagascar','2021-04-04 12:49:35','2019-03-20 11:25:26','2021-04-04 12:49:35'),(41,'m','1985-07-10','Pricestad','Slovenia','2017-10-25 23:48:32','2015-04-15 20:32:54','2019-10-28 05:00:40'),(42,'m','2010-05-30','Leanneview','Sierra Leone','2018-11-07 18:47:46','2017-12-30 14:43:30','2021-04-04 12:49:03'),(43,'f','1986-10-01','Tiffanymouth','Serbia','2021-04-04 12:49:35','2012-01-10 23:06:19','2021-04-04 12:49:35'),(44,'f','1994-03-29','Pfeffermouth','Latvia','2021-04-04 12:49:35','2017-03-13 16:17:35','2021-04-04 12:49:35'),(45,'m','2011-10-27','Lake Hadleyborough','Portugal','2021-04-04 12:49:35','2018-12-04 17:11:00','2021-04-04 12:49:35'),(46,'f','1989-07-11','Lake Nikkiton','Mozambique','2020-03-01 08:15:47','2013-04-16 00:26:10','2021-04-04 12:50:44'),(47,'f','1971-06-12','East Devante','Georgia','2012-12-08 08:31:33','2012-10-09 16:52:53','2015-01-18 21:27:13'),(48,'f','1989-05-08','South Orion','Slovakia (Slovak Republic)','2020-11-11 05:03:52','2014-11-17 15:59:38','2021-04-04 12:50:44'),(49,'f','1990-05-14','Danikaside','Falkland Islands (Malvinas)','2018-06-06 11:51:47','2016-11-14 17:16:26','2020-05-07 00:21:30'),(50,'m','1986-09-07','Lake Danial','Liechtenstein','2021-04-04 12:49:35','2019-04-17 02:35:13','2021-04-04 12:49:35'),(51,'f','2018-12-04','Mannshire','American Samoa','2021-04-04 12:49:35','2019-03-08 22:00:51','2021-04-04 12:49:35'),(52,'m','1975-04-27','New Weldon','Gibraltar','2021-04-04 12:49:35','2016-01-31 00:30:44','2021-04-04 12:49:35'),(53,'f','1977-11-12','East Ansel','Anguilla','2021-04-04 12:49:35','2013-12-27 08:38:47','2021-04-04 12:49:35'),(54,'f','2014-01-15','East Hassanhaven','Saint Martin','2021-04-04 12:49:35','2017-03-26 00:34:42','2021-04-04 12:49:35'),(55,'m','1988-06-16','Morissettemouth','Belarus','2021-04-04 12:49:35','2018-04-25 21:25:46','2021-04-04 12:49:35'),(56,'f','2002-03-09','Leuschketon','El Salvador','2021-04-04 12:49:35','2020-05-07 09:56:33','2021-04-04 12:49:35'),(57,'m','2012-07-12','New Elwinfort','Saint Martin','2021-04-04 12:49:35','2020-04-14 07:27:26','2021-04-04 12:49:35'),(58,'m','1978-01-15','Lake Merrittland','Tokelau','2013-03-24 21:40:25','2011-04-05 17:41:12','2021-02-03 22:05:13'),(59,'m','1985-10-18','North Cheyanne','Palestinian Territory','2021-04-04 12:49:35','2016-10-27 20:49:50','2021-04-04 12:49:35'),(60,'f','1990-01-18','Kiehnton','Colombia','2020-09-28 07:04:17','2019-05-30 21:01:09','2021-04-04 12:49:03'),(61,'m','1993-08-03','Gabriellehaven','Jordan','2017-12-03 01:07:19','2017-05-19 23:18:58','2021-04-04 12:49:03'),(62,'f','1978-10-04','West Leonie','Montenegro','2014-09-14 09:47:37','2012-02-01 07:33:04','2018-04-30 08:04:47'),(63,'m','1973-02-08','Lambertchester','Cuba','2021-04-04 12:49:35','2018-01-15 11:19:20','2021-04-04 12:49:35'),(64,'m','2018-09-18','Bahringerside','Sao Tome and Principe','2017-11-05 11:37:50','2011-09-02 05:47:25','2021-04-04 12:50:44'),(65,'m','2000-01-11','Sporerton','Gambia','2021-04-04 12:49:35','2021-02-13 15:59:37','2021-04-04 12:49:35'),(66,'f','2012-07-23','Consueloberg','Honduras','2013-06-25 16:18:11','2013-01-12 07:27:45','2020-06-10 17:45:43'),(67,'f','1982-12-13','South Marina','Lesotho','2021-04-04 12:49:35','2013-08-20 06:26:06','2021-04-04 12:49:35'),(68,'m','2015-07-19','Lake Wilfrid','Syrian Arab Republic','2021-04-04 12:49:35','2016-08-17 16:47:47','2021-04-04 12:49:35'),(69,'f','1995-11-05','North Letitiaport','Turkmenistan','2015-12-22 22:38:27','2011-09-19 22:17:41','2018-02-07 08:03:05'),(70,'m','2003-07-01','Sibylfort','Guyana','2020-01-10 12:32:32','2017-03-10 06:44:06','2021-04-04 12:50:44'),(71,'m','2013-08-05','Port Emilianoside','Canada','2017-06-01 11:32:33','2013-03-14 02:14:10','2021-04-04 12:50:44'),(72,'m','1973-08-12','Kenyonborough','Samoa','2021-04-04 12:49:35','2019-03-29 11:37:25','2021-04-04 12:49:35'),(73,'f','1976-03-15','South Stevie','Guinea','2019-10-22 05:22:06','2014-02-14 14:58:48','2021-04-04 12:50:44'),(74,'m','1993-02-15','Marlenefurt','Honduras','2018-06-01 03:51:47','2016-07-24 20:51:14','2021-04-04 12:49:03'),(75,'f','2011-05-21','Lake Celine','Italy','2021-04-04 12:49:35','2020-07-05 17:13:08','2021-04-04 12:49:35'),(76,'f','1983-05-18','East Cristobal','Saint Martin','2021-04-04 12:49:35','2020-02-21 11:55:46','2021-04-04 12:49:35'),(77,'f','1975-01-03','West Gailstad','Guinea','2021-04-04 12:49:35','2014-07-03 22:34:49','2021-04-04 12:49:35'),(78,'f','2013-07-12','East Zelma','Palau','2019-07-13 02:19:36','2013-05-04 17:12:18','2021-04-04 12:49:03'),(79,'m','1979-10-03','New Albertachester','Greece','2018-03-23 11:02:09','2013-05-30 06:53:11','2021-04-04 12:50:44'),(80,'m','2003-08-16','Dickenston','Argentina','2021-04-04 12:49:35','2015-03-09 20:46:56','2021-04-04 12:49:35'),(81,'f','1976-02-04','Leannachester','Peru','2021-04-04 12:49:35','2018-01-23 06:56:34','2021-04-04 12:49:35'),(82,'m','1992-10-02','Lake Sienna','Venezuela','2021-04-04 12:49:35','2016-06-14 12:49:21','2021-04-04 12:49:35'),(83,'f','2012-11-25','Shannybury','Gambia','2013-03-26 00:49:34','2012-11-12 03:43:04','2014-02-01 10:10:10'),(84,'m','1973-10-30','Lake Markuschester','Saint Kitts and Nevis','2021-04-04 12:49:35','2020-01-03 08:00:26','2021-04-04 12:49:35'),(85,'m','2014-04-04','South Leannaville','Solomon Islands','2017-10-16 10:16:49','2016-06-11 03:54:10','2021-04-04 12:49:03'),(86,'m','1971-12-04','East Lorena','French Southern Territories','2019-09-10 18:12:51','2018-02-04 11:28:47','2021-04-04 12:49:03'),(87,'f','1987-08-30','Alexiemouth','Brazil','2021-04-04 12:49:35','2016-12-25 01:20:45','2021-04-04 12:49:35'),(88,'m','2016-07-15','Claudiaside','Papua New Guinea','2021-04-04 12:49:35','2020-10-19 19:27:22','2021-04-04 12:49:35'),(89,'m','1976-04-21','Lake Jay','Bahrain','2021-03-24 03:48:31','2012-06-08 06:20:50','2021-04-04 12:49:03'),(90,'f','1987-09-20','East Aftontown','Tokelau','2021-04-04 12:49:35','2020-01-03 21:27:56','2021-04-04 12:49:35'),(91,'f','2002-10-26','Ortizborough','Guatemala','2016-01-17 13:54:22','2015-05-20 10:37:45','2019-01-24 19:20:07'),(92,'m','1981-01-07','Paucekmouth','United Kingdom','2021-04-04 12:49:35','2015-05-30 16:09:43','2021-04-04 12:49:35'),(93,'f','1990-09-12','Margareteton','Mongolia','2015-03-12 00:17:54','2014-08-01 22:58:00','2015-04-21 06:09:42'),(94,'f','1992-04-17','Spinkastad','Latvia','2021-04-04 12:49:35','2018-04-04 20:33:35','2021-04-04 12:49:35'),(95,'f','2010-11-16','Lake Ocieview','Austria','2020-04-15 03:35:04','2019-09-07 05:43:21','2021-04-04 12:49:03'),(96,'f','2010-04-03','Lake Brant','Tanzania','2021-04-04 12:49:35','2019-04-27 12:15:50','2021-04-04 12:49:35'),(97,'m','2005-09-08','South Brookeberg','Vanuatu','2015-01-09 06:36:22','2013-11-11 10:39:27','2018-02-03 03:10:48'),(98,'m','1996-02-15','Zulaufport','South Georgia and the South Sandwich Islands','2021-04-04 12:49:35','2015-02-03 14:47:26','2021-04-04 12:49:35'),(99,'f','1994-03-07','New Vanessa','Swaziland','2021-04-04 12:49:35','2020-05-11 12:02:56','2021-04-04 12:49:35'),(100,'f','1979-12-03','Aidatown','Ecuador','2019-09-30 05:48:39','2017-01-08 00:40:51','2021-04-04 12:49:03');
/*!40000 ALTER TABLE `profiles` ENABLE KEYS */;
UNLOCK TABLES;

--
-- Table structure for table `users`
--

DROP TABLE IF EXISTS `users`;
/*!40101 SET @saved_cs_client     = @@character_set_client */;
/*!50503 SET character_set_client = utf8mb4 */;
CREATE TABLE `users` (
  `id` int unsigned NOT NULL AUTO_INCREMENT COMMENT '╨Ш╨┤╨╡╨╜╤В╨╕╤Д╨╕╨║╨░╤В╨╛╤А ╤Б╤В╤А╨╛╨║╨╕',
  `first_name` varchar(100) CHARACTER SET utf8mb4 COLLATE utf8mb4_unicode_ci NOT NULL COMMENT '╨Ш╨╝╤П ╨┐╨╛╨╗╤М╨╖╨╛╨▓╨░╤В╨╡╨╗╤П',
  `last_name` varchar(100) CHARACTER SET utf8mb4 COLLATE utf8mb4_unicode_ci NOT NULL COMMENT '╨д╨░╨╝╨╕╨╗╨╕╤П ╨┐╨╛╨╗╤М╨╖╨╛╨▓╨░╤В╨╡╨╗╤П',
  `email` varchar(100) CHARACTER SET utf8mb4 COLLATE utf8mb4_unicode_ci NOT NULL COMMENT '╨Я╨╛╤З╤В╨░',
  `phone` varchar(100) CHARACTER SET utf8mb4 COLLATE utf8mb4_unicode_ci NOT NULL COMMENT '╨в╨╡╨╗╨╡╤Д╨╛╨╜',
  `created_at` datetime DEFAULT CURRENT_TIMESTAMP COMMENT '╨Т╤А╨╡╨╝╤П ╤Б╨╛╨╖╨┤╨░╨╜╨╕╤П ╤Б╤В╤А╨╛╨║╨╕',
  `updated_at` datetime DEFAULT CURRENT_TIMESTAMP ON UPDATE CURRENT_TIMESTAMP COMMENT '╨Т╤А╨╡╨╝╤П ╨╛╨▒╨╜╨╛╨▓╨╗╨╡╨╜╨╕╤П ╤Б╤В╤А╨╛╨║╨╕',
  PRIMARY KEY (`id`),
  UNIQUE KEY `email` (`email`),
  UNIQUE KEY `phone` (`phone`)
) ENGINE=InnoDB AUTO_INCREMENT=101 DEFAULT CHARSET=utf8mb4 COLLATE=utf8mb4_unicode_ci COMMENT='╨Я╨╛╨╗╤М╨╖╨╛╨▓╨░╤В╨╡╨╗╨╕';
/*!40101 SET character_set_client = @saved_cs_client */;

--
-- Dumping data for table `users`
--

LOCK TABLES `users` WRITE;
/*!40000 ALTER TABLE `users` DISABLE KEYS */;
INSERT INTO `users` VALUES (1,'Jesus','Legros','yolanda27@example.com','1-090-526-0528','2016-11-17 08:21:41','2021-04-04 11:49:37'),(2,'Amalia','Bayer','huels.britney@example.net','503-807-3842x59210','2013-09-24 04:53:35','2021-04-04 11:49:37'),(3,'Daren','Gleason','zieme.brice@example.com','649.567.8212','2017-08-05 10:08:20','2021-04-04 11:49:37'),(4,'Joel','Stamm','padberg.bart@example.net','+46(4)9037843829','2018-01-01 06:47:28','2021-04-04 11:49:37'),(5,'Alyce','Nolan','lledner@example.com','722.143.3452x11093','2018-11-21 13:56:10','2021-04-04 11:49:37'),(6,'Timmothy','Klocko','cfadel@example.com','+47(8)8870175337','2011-10-09 06:48:56','2015-03-22 10:19:34'),(7,'Deron','Friesen','sienna.vonrueden@example.net','459.714.1025','2016-01-30 21:26:26','2021-04-04 11:49:37'),(8,'Richard','Abernathy','lleuschke@example.net','1-887-610-4802','2020-12-24 06:40:36','2021-04-04 11:49:37'),(9,'Jermain','Jakubowski','jfranecki@example.com','162.986.6212x8640','2015-08-29 20:24:55','2018-04-16 14:47:03'),(10,'Kamryn','Denesik','olin46@example.com','(410)465-3779x82635','2020-12-14 12:12:42','2021-04-04 11:49:37'),(11,'Roxane','Barrows','qwindler@example.com','1-151-322-0380x119','2019-10-24 11:14:00','2021-04-04 11:49:37'),(12,'Cameron','Willms','rcarter@example.org','1-315-469-7677x768','2014-09-02 01:34:00','2015-03-05 21:16:44'),(13,'Blanche','Hayes','eleffler@example.com','866.179.6788','2020-03-23 07:35:24','2021-04-04 11:49:37'),(14,'Dustin','Pfannerstill','lvandervort@example.net','(483)540-9418x1392','2016-01-26 19:18:24','2021-04-04 11:49:37'),(15,'Adaline','Beier','gbernier@example.org','390-442-4719x702','2018-11-07 22:37:28','2019-07-08 21:21:04'),(16,'Itzel','Von','alvina.deckow@example.net','01102083383','2014-09-29 21:45:53','2021-04-04 11:49:37'),(17,'Brooks','Howe','harmony20@example.com','1-331-205-9782x0571','2016-03-03 07:36:21','2019-03-03 23:16:37'),(18,'Emelia','Sipes','walker.hortense@example.org','110.295.8671x690','2011-06-29 14:30:15','2013-08-12 13:48:09'),(19,'Joshua','Runolfsson','jharvey@example.net','1-146-479-7886x04522','2014-06-02 09:49:19','2021-04-04 11:49:37'),(20,'Wilfred','Luettgen','eino26@example.net','393.989.8885x45303','2020-03-21 20:54:12','2021-04-04 11:49:37'),(21,'Brendon','Hagenes','funk.caleigh@example.net','1-417-723-8740','2016-09-15 13:03:27','2021-04-04 11:49:37'),(22,'Rashawn','Koch','xadams@example.net','017-252-9742x3871','2016-12-26 08:20:10','2017-01-25 03:47:45'),(23,'Flavio','Mayert','cooper98@example.org','083.251.6912x990','2012-05-07 15:03:47','2014-02-14 22:24:33'),(24,'Allison','Simonis','gdenesik@example.com','433-817-3293','2014-08-07 20:18:52','2016-04-19 16:15:58'),(25,'Joan','Turner','bhintz@example.com','129.832.1702','2018-06-05 20:15:24','2021-04-04 11:49:37'),(26,'Josianne','Sipes','hester97@example.com','166.796.7773x6809','2019-02-02 16:12:58','2021-04-04 11:49:37'),(27,'Una','Treutel','bogan.mercedes@example.org','1-425-967-3096x39634','2017-09-21 07:28:13','2021-04-04 11:49:37'),(28,'Cyrus','Weissnat','ahmad.adams@example.org','1-802-019-5776','2012-03-21 20:18:10','2019-06-19 10:50:27'),(29,'Devan','Rohan','osbaldo.king@example.com','1-267-770-1284','2017-11-29 16:59:28','2021-04-04 11:49:37'),(30,'Ari','Vandervort','tbaumbach@example.org','(477)076-2948','2017-11-12 02:09:00','2021-04-04 11:49:37'),(31,'Amy','Willms','rebecca07@example.net','05988988050','2017-05-01 22:55:27','2021-04-04 11:49:37'),(32,'Jany','Padberg','ilarson@example.com','(515)854-8905x9465','2015-10-04 16:49:01','2015-11-03 03:28:25'),(33,'Ethelyn','O\'Hara','nnitzsche@example.org','(342)850-2567','2013-12-26 00:15:43','2020-04-29 13:35:35'),(34,'Gage','Haag','augusta34@example.com','(574)489-1577x96638','2016-03-16 04:23:01','2021-04-04 11:49:37'),(35,'Rory','Buckridge','newell.denesik@example.net','(649)812-8677x619','2018-05-27 01:58:23','2020-12-18 03:41:29'),(36,'Tessie','Upton','breinger@example.net','592-711-2080x900','2017-07-10 22:09:11','2017-09-13 03:32:03'),(37,'Barton','Wehner','schiller.marcella@example.org','00592700039','2014-06-29 02:58:59','2018-03-11 04:05:38'),(38,'Devin','Lang','gdaugherty@example.org','1-071-312-1586','2018-10-07 18:43:54','2021-04-04 11:49:37'),(39,'Ambrose','Bosco','rhett.schaefer@example.net','1-580-164-2062x90486','2012-06-19 09:05:09','2021-01-02 02:48:37'),(40,'Shaniya','Hagenes','jabari94@example.org','1-647-040-4028','2018-12-12 17:40:17','2021-04-04 11:49:37'),(41,'Marcel','Hand','rowe.russel@example.com','531-609-5132','2014-09-14 04:27:52','2015-12-22 08:26:39'),(42,'Roslyn','Buckridge','elizabeth39@example.com','(662)119-0248x434','2018-07-31 07:27:36','2021-04-04 11:49:37'),(43,'Hassan','Jenkins','raleigh.bernier@example.net','(280)588-7007x206','2012-07-06 12:26:26','2019-10-03 00:15:13'),(44,'Abbey','Turcotte','reanna34@example.com','1-757-128-3329x553','2017-10-21 20:49:07','2021-04-04 11:49:37'),(45,'Tanner','Wilderman','auer.geovanni@example.net','788.106.6933','2013-08-19 16:50:50','2018-07-24 15:18:53'),(46,'Gertrude','Collins','cmedhurst@example.com','06220956612','2020-04-07 04:32:45','2021-04-04 11:49:37'),(47,'Joanie','Heaney','jwisoky@example.org','810-769-0927','2018-06-17 12:26:36','2021-04-04 11:49:37'),(48,'Merlin','Beier','roselyn85@example.org','655.774.4780x8158','2012-06-08 20:07:09','2017-03-26 11:03:41'),(49,'Virgie','Kreiger','catharine.wyman@example.net','530-888-2165x31859','2014-10-02 10:19:42','2020-02-02 20:30:24'),(50,'America','Dickinson','sharon77@example.com','1-003-025-2303','2018-07-15 15:37:39','2021-04-04 11:49:37'),(51,'Vernice','Quigley','libby.fay@example.com','681-928-0301x86540','2014-03-02 13:58:42','2021-04-04 11:49:37'),(52,'Terrell','Cremin','manley98@example.com','09397877773','2018-06-19 17:22:27','2021-04-04 11:49:37'),(53,'Helga','Smith','mosciski.bernice@example.net','885-959-8164x327','2021-01-28 03:30:42','2021-04-04 11:49:37'),(54,'Margarett','Fisher','cicero79@example.net','411-129-7185x76516','2020-08-25 11:58:50','2021-04-04 11:49:37'),(55,'Ralph','Cronin','bethel64@example.net','(596)671-9246x15411','2020-08-24 14:09:24','2021-04-04 11:49:37'),(56,'Reagan','Beahan','toni.mayer@example.net','+52(3)0935371176','2018-05-17 14:56:01','2021-04-04 11:49:37'),(57,'Shannon','Swift','ndavis@example.net','(483)798-0950','2014-04-22 16:32:25','2015-08-07 09:48:56'),(58,'Shemar','Cruickshank','kitty.weissnat@example.net','01584657719','2016-04-27 07:01:51','2021-04-04 11:49:37'),(59,'Bradley','Nitzsche','vpfeffer@example.net','(794)375-7393','2018-04-27 17:05:59','2021-04-04 11:49:37'),(60,'Kyler','Monahan','esporer@example.com','1-856-043-0401','2015-01-03 01:28:34','2018-11-17 22:20:27'),(61,'Geovanny','Thompson','pfannerstill.alysha@example.net','484.020.0833x40051','2014-01-25 17:16:31','2017-12-18 11:51:09'),(62,'Krystal','Hodkiewicz','cassin.iva@example.net','(316)863-4060x727','2011-12-08 20:22:52','2021-04-04 11:49:37'),(63,'Aaliyah','Daniel','consuelo77@example.net','479.072.9321x341','2018-10-18 15:07:26','2021-04-04 11:49:37'),(64,'Kade','Schuster','bahringer.destiney@example.com','+08(3)7580809595','2016-05-22 06:56:22','2021-04-04 11:49:37'),(65,'Greg','Feil','rod62@example.net','390.000.9068x38506','2015-05-13 01:09:26','2021-04-04 11:49:37'),(66,'Breanne','Ruecker','jbrekke@example.net','(632)788-1216x50197','2015-06-05 01:15:52','2021-04-04 11:49:37'),(67,'Lea','Kertzmann','olaf.bauch@example.org','(923)127-2144','2013-12-05 14:13:25','2021-04-04 11:49:37'),(68,'Sonia','Stiedemann','considine.roosevelt@example.net','04023833678','2018-08-11 01:20:33','2021-04-04 11:49:37'),(69,'Leilani','Pfannerstill','hschaden@example.org','1-311-919-0779x49830','2012-05-14 17:09:01','2017-12-11 15:39:21'),(70,'Jesse','Lesch','rachael86@example.net','1-842-960-5995','2012-08-16 05:59:16','2021-04-04 11:49:37'),(71,'Aida','Buckridge','johnny09@example.net','950.745.5491','2021-02-20 23:04:41','2021-04-04 11:49:37'),(72,'Kathlyn','Nikolaus','marianna20@example.net','683-602-4886','2011-10-21 04:22:58','2019-11-04 12:37:21'),(73,'Kody','Kuhn','maximillia.keebler@example.net','1-897-025-3340x71958','2017-05-25 13:54:57','2021-04-04 11:49:37'),(74,'Kim','McDermott','white.solon@example.org','04982916016','2013-03-08 21:14:51','2014-09-02 13:55:52'),(75,'Martin','Feil','qfadel@example.com','937-109-8062x94962','2016-08-27 23:56:42','2020-06-19 06:23:04'),(76,'Carmela','Champlin','hyatt.emelie@example.com','905-635-8117x2006','2020-09-12 09:47:48','2021-04-04 11:49:37'),(77,'Diego','Kihn','anderson.brice@example.net','(351)100-0707x78048','2014-11-21 13:57:03','2016-01-15 03:18:22'),(78,'Ila','Schiller','leffler.rickie@example.net','1-888-932-7838','2015-10-28 13:18:59','2021-04-04 11:49:37'),(79,'Dusty','Cummerata','deanna24@example.com','06146152609','2013-03-13 09:55:10','2013-10-24 19:11:13'),(80,'Christian','Treutel','parisian.providenci@example.com','1-102-547-8851x561','2014-07-06 05:58:38','2014-08-28 05:18:55'),(81,'Garnet','Lind','orlando40@example.org','01429171388','2017-01-05 15:02:21','2017-12-17 14:49:03'),(82,'Elmo','Lehner','nicholas31@example.org','1-293-006-0893','2013-04-24 18:43:46','2021-02-24 01:20:06'),(83,'Ellis','Treutel','maritza.hudson@example.net','02819043594','2020-08-09 20:25:13','2021-04-04 11:49:37'),(84,'Laura','Auer','yolanda.bogisich@example.org','1-912-970-8971','2019-02-10 04:04:04','2021-04-04 11:49:37'),(85,'Adah','Robel','anderson.lucie@example.net','08711341468','2012-01-09 10:10:59','2020-03-28 14:36:26'),(86,'Ellis','Orn','krussel@example.org','831.392.2228','2016-12-05 23:03:12','2019-07-11 02:01:25'),(87,'Heber','Ritchie','lindgren.viola@example.com','1-823-592-7057x1395','2015-01-15 14:06:10','2020-12-27 05:43:29'),(88,'Hilda','Dickens','daphney.lakin@example.net','(146)402-3711','2013-05-13 02:41:24','2015-11-29 10:16:39'),(89,'Elta','Wisozk','powlowski.scotty@example.com','1-920-649-5526','2011-05-08 00:22:43','2015-08-16 16:03:04'),(90,'Jakayla','Hoppe','prudence.schmidt@example.net','833-373-5426','2012-10-03 22:00:37','2021-04-04 11:49:37'),(91,'Franz','Lakin','mitchell.delfina@example.com','318.383.2901x52237','2018-12-22 06:40:46','2021-04-04 11:49:37'),(92,'Sasha','Ebert','frunte@example.com','191.090.7229','2015-02-08 06:14:07','2020-06-04 16:44:06'),(93,'Josefina','Robel','torphy.paolo@example.org','1-344-246-8477','2017-01-22 17:12:06','2021-04-04 11:49:37'),(94,'Zula','Abbott','arnoldo.bahringer@example.com','650-331-0722x843','2018-05-10 07:48:28','2018-10-29 04:55:35'),(95,'Lenny','Cruickshank','gleichner.joany@example.net','1-568-458-2532','2019-03-12 22:24:12','2021-04-04 11:49:37'),(96,'Maritza','Kunde','ygerlach@example.com','705-879-8273x128','2012-09-27 12:59:50','2017-08-23 19:55:29'),(97,'Hadley','Mante','johanna84@example.org','1-016-531-4084','2017-11-24 16:29:44','2021-04-04 11:49:37'),(98,'Macy','Dickens','candida58@example.org','+36(0)8297983673','2016-10-21 05:27:21','2020-02-08 02:59:53'),(99,'Tomasa','Gerhold','schaefer.orpha@example.org','+13(7)9310571282','2018-08-26 23:00:04','2021-04-04 11:49:37'),(100,'Garry','Sporer','sporer.armani@example.org','1-282-202-0426','2020-12-07 01:36:54','2021-04-04 11:49:37');
/*!40000 ALTER TABLE `users` ENABLE KEYS */;
UNLOCK TABLES;
/*!40103 SET TIME_ZONE=@OLD_TIME_ZONE */;

/*!40101 SET SQL_MODE=@OLD_SQL_MODE */;
/*!40014 SET FOREIGN_KEY_CHECKS=@OLD_FOREIGN_KEY_CHECKS */;
/*!40014 SET UNIQUE_CHECKS=@OLD_UNIQUE_CHECKS */;
/*!40101 SET CHARACTER_SET_CLIENT=@OLD_CHARACTER_SET_CLIENT */;
/*!40101 SET CHARACTER_SET_RESULTS=@OLD_CHARACTER_SET_RESULTS */;
/*!40101 SET COLLATION_CONNECTION=@OLD_COLLATION_CONNECTION */;
/*!40111 SET SQL_NOTES=@OLD_SQL_NOTES */;

-- Dump completed on 2021-04-04 13:50:27
